sofifa_id,overall,weak_foot,skill_moves,pace,shooting,passing,dribbling,defending,physic,attacking_crossing,attacking_finishing,attacking_heading_accuracy,attacking_short_passing,attacking_volleys,skill_dribbling,skill_curve,skill_fk_accuracy,skill_long_passing,skill_ball_control,movement_acceleration,movement_sprint_speed,movement_agility,movement_reactions,movement_balance,power_shot_power,power_jumping,power_stamina,power_strength,power_long_shots,mentality_aggression,mentality_interceptions,mentality_positioning,mentality_vision,mentality_penalties,mentality_composure,defending_marking_awareness,defending_standing_tackle,defending_sliding_tackle,goalkeeping_diving,goalkeeping_handling,goalkeeping_kicking,goalkeeping_positioning,goalkeeping_reflexes,total_position_count,preferred_foot_Encoded,work_rate1_Encoded,work_rate2_Encoded,first_position_Encoded,body_type_Encoded,pred_labels,name
227246,92,3,3,86.0,61.0,70.0,81.0,89.0,84.0,78,60,88,84,35,79,39,45,63,85,87,86,73,93,82,69,84,94,82,65,78,89,57,58,53,80,90,88,89,10,14,16,8,15,2,1,0,0,9,4,15,L. Bronze
227316,92,2,2,68.0,70.0,62.0,73.0,91.0,88.0,25,70,94,83,41,69,49,58,78,85,69,67,56,84,44,85,94,77,93,63,88,88,70,55,60,80,90,93,91,7,14,17,11,15,1,1,0,2,1,2,12,W. Renard
233746,92,4,4,81.0,93.0,75.0,88.0,32.0,79.0,69,95,89,87,90,90,76,71,67,91,80,81,77,92,73,91,73,79,85,92,66,27,95,68,78,91,22,30,23,14,16,17,14,17,1,1,0,1,12,4,7,V. Miedema
227125,91,4,4,87.0,90.0,72.0,91.0,39.0,80.0,74,94,92,79,82,90,76,63,70,94,89,85,93,90,82,92,89,87,78,86,75,24,95,61,72,92,36,38,23,7,12,8,16,13,2,1,0,2,12,3,7,S. Kerr
226301,90,4,4,86.0,88.0,74.0,86.0,43.0,71.0,71,90,86,81,88,87,68,70,67,89,85,86,76,83,68,86,76,75,76,83,53,63,90,74,89,91,34,29,27,11,11,10,10,11,1,0,0,1,12,7,7,A. Morgan
226308,90,4,5,82.0,86.0,90.0,89.0,55.0,76.0,89,81,61,92,88,90,93,94,84,92,84,81,80,89,79,89,61,82,75,90,74,71,84,91,93,89,51,46,53,8,10,15,9,12,3,1,0,2,0,4,7,D. Marozsán
226328,90,4,4,71.0,87.0,90.0,89.0,49.0,66.0,91,89,76,90,74,92,90,88,89,91,72,70,81,87,69,82,73,64,65,87,67,47,89,89,92,90,46,46,48,15,12,14,14,11,2,1,0,1,8,0,7,M. Rapinoe
226330,90,5,5,77.0,79.0,89.0,93.0,36.0,64.0,93,79,63,88,81,95,88,79,87,94,78,76,88,87,80,75,58,70,61,77,65,23,88,90,82,92,31,38,39,12,7,7,16,8,3,1,2,0,11,0,7,T. Heath
227102,90,4,4,87.0,83.0,86.0,89.0,45.0,75.0,88,86,75,87,82,92,86,77,84,90,86,88,85,87,75,79,68,84,74,82,66,24,86,85,80,84,45,50,46,17,11,15,13,9,3,1,0,2,10,1,7,C. Hansen
227318,90,3,4,74.0,78.0,79.0,80.0,88.0,88.0,63,78,72,89,56,77,63,65,85,88,75,73,74,91,64,81,77,89,88,84,90,89,68,79,75,83,93,90,84,11,13,15,14,7,2,1,0,0,2,4,12,A. Henry
226333,89,3,3,77.0,66.0,80.0,75.0,87.0,85.0,73,66,91,87,63,70,56,50,85,82,76,78,65,83,69,76,72,88,85,54,86,86,78,83,62,88,84,89,85,12,11,9,15,13,2,1,2,0,2,3,12,J. Ertz
226359,89,4,4,72.0,89.0,85.0,85.0,37.0,80.0,82,91,85,87,87,85,70,76,84,88,71,73,80,77,68,90,76,78,86,87,67,56,88,91,86,95,32,19,16,17,9,7,12,8,2,1,0,2,12,4,7,C. Sinclair
227331,89,5,4,81.0,91.0,74.0,84.0,41.0,70.0,60,92,89,83,88,83,81,70,66,87,78,83,81,89,82,91,81,71,74,89,58,33,90,79,85,79,39,36,25,17,9,13,12,14,3,1,2,0,12,5,7,E. Le Sommer
233748,89,4,5,81.0,87.0,86.0,89.0,41.0,72.0,89,89,57,87,78,90,87,80,80,89,80,82,86,86,85,84,69,74,74,90,66,45,89,85,79,92,40,38,32,7,9,13,16,16,2,1,2,1,8,3,7,L. Martens
226177,88,2,2,73.0,37.0,62.0,63.0,88.0,85.0,65,31,81,78,28,56,41,29,62,68,73,73,51,87,70,47,86,78,87,34,88,88,47,45,57,89,89,88,89,15,12,7,10,11,2,1,1,0,1,4,4,B. Sauerbrunn
226302,88,5,4,82.0,87.0,77.0,81.0,48.0,85.0,74,87,90,85,85,83,73,73,67,84,83,81,71,88,70,87,91,82,86,86,84,55,90,74,87,78,35,52,23,12,14,13,7,14,2,1,2,2,12,4,7,A. Popp
227255,88,3,4,87.0,88.0,76.0,88.0,50.0,62.0,63,90,70,81,80,91,48,60,76,88,90,85,80,86,93,88,74,69,64,85,45,35,88,89,82,76,61,45,39,13,9,12,16,16,3,1,0,2,0,3,7,F. Kirby
227192,87,4,4,78.0,90.0,80.0,85.0,47.0,71.0,72,94,78,85,74,88,74,80,82,90,77,78,75,86,64,87,71,75,76,90,54,45,90,81,90,71,43,42,45,13,13,16,13,14,3,0,2,2,12,1,7,Jenni Hermoso
227327,87,5,4,82.0,79.0,83.0,87.0,69.0,72.0,78,81,46,89,62,89,65,57,85,90,86,79,84,82,73,74,55,85,77,87,47,81,83,85,53,79,61,78,64,13,14,16,11,16,3,0,2,2,4,4,8,S. Däbritz
227350,87,3,4,83.0,69.0,85.0,87.0,85.0,80.0,92,79,74,88,39,88,84,82,77,87,86,81,83,85,84,55,70,86,77,66,80,85,81,82,58,83,87,87,86,10,16,12,14,10,2,0,0,0,7,0,8,A. Majri
231432,87,3,4,79.0,86.0,85.0,83.0,59.0,76.0,79,86,89,89,80,85,65,73,87,86,80,79,78,87,68,89,73,91,75,88,59,67,89,88,75,76,53,60,26,7,15,13,9,11,2,1,0,2,0,4,7,L. Horan
245872,87,4,4,77.0,84.0,86.0,86.0,43.0,69.0,84,82,65,88,82,86,77,85,84,89,80,75,80,88,88,87,75,83,62,85,65,45,88,89,85,85,38,46,22,12,5,6,10,6,2,1,2,2,0,3,7,K. Little
226327,86,3,4,85.0,86.0,76.0,83.0,45.0,73.0,75,88,84,86,80,86,78,51,71,85,86,84,73,84,75,86,68,81,73,87,62,43,83,71,82,78,42,44,26,15,14,9,11,11,3,1,0,1,12,0,7,C. Press
226335,86,2,1,0.0,0.0,0.0,0.0,0.0,0.0,17,13,16,23,12,16,14,15,38,15,43,46,61,86,56,60,66,45,43,14,28,23,13,14,42,49,18,19,20,86,78,80,85,89,1,1,2,2,5,4,1,A. Naeher
226336,86,5,4,83.0,76.0,80.0,81.0,83.0,63.0,83,76,80,85,75,79,80,67,77,83,85,82,78,84,90,75,53,83,50,76,75,83,81,76,80,77,84,83,84,12,13,9,8,16,3,1,0,0,6,3,8,C. Dunn
226338,86,4,4,68.0,76.0,82.0,80.0,77.0,84.0,78,72,77,89,63,82,64,57,83,86,66,69,58,86,67,81,59,92,88,80,71,79,81,86,76,83,76,78,70,12,17,17,15,12,2,1,0,2,4,1,12,S. Mewis
226968,86,2,2,48.0,44.0,66.0,58.0,86.0,82.0,59,28,89,80,27,53,69,86,76,57,46,49,57,82,57,66,54,63,93,65,86,86,25,37,54,82,82,88,89,11,8,15,10,12,1,1,2,2,1,6,4,N. Fischer
226975,86,3,4,49.0,80.0,82.0,79.0,80.0,77.0,68,79,86,89,73,81,67,64,88,82,47,51,69,82,56,81,60,79,77,83,80,84,83,89,69,87,78,78,80,15,8,14,17,12,2,1,2,2,4,1,12,C. Seger
227313,86,1,1,0.0,0.0,0.0,0.0,0.0,0.0,15,13,13,27,16,17,17,21,24,28,54,52,69,86,54,58,64,43,72,18,20,22,17,62,54,31,12,18,15,87,76,77,85,87,1,1,2,2,5,4,1,S. Bouhaddi
226318,85,2,3,81.0,65.0,69.0,79.0,83.0,71.0,81,65,72,80,58,78,59,33,66,78,80,82,84,79,79,73,60,73,75,64,62,81,53,50,58,86,84,85,85,14,11,15,12,8,2,1,2,0,9,0,15,K. O'Hara
226358,85,3,2,58.0,63.0,63.0,66.0,85.0,83.0,50,59,86,72,45,64,63,75,70,67,57,59,55,86,67,74,90,74,86,67,84,85,50,52,71,78,85,86,84,11,9,15,12,7,1,1,2,2,1,4,12,S. Houghton
226998,85,3,2,76.0,33.0,76.0,71.0,84.0,83.0,82,25,78,85,44,68,59,55,83,73,76,76,72,84,74,41,80,87,83,27,78,81,62,57,54,74,85,85,86,7,17,12,10,9,2,0,2,2,6,4,2,M. Eriksson
227203,85,4,3,77.0,83.0,82.0,84.0,69.0,70.0,84,88,72,83,64,88,77,79,82,89,78,77,67,83,76,79,65,75,73,84,58,73,81,82,80,70,60,75,65,15,17,11,15,10,3,0,0,2,7,4,8,Alexia Putellas
232075,85,3,4,80.0,78.0,80.0,85.0,46.0,60.0,69,81,44,89,50,88,49,60,86,86,81,79,80,78,82,74,60,73,52,84,63,50,82,83,61,72,41,48,53,16,8,13,11,10,3,0,2,2,0,3,19,R. Lavelle
233852,85,4,4,82.0,68.0,85.0,87.0,68.0,76.0,80,69,54,91,67,86,71,69,85,88,85,80,86,86,90,65,80,85,72,67,74,77,77,89,58,87,64,70,68,13,11,7,16,7,2,1,2,2,4,3,8,J. Groenen
242896,85,3,3,76.0,73.0,82.0,83.0,82.0,83.0,75,73,70,87,65,81,70,65,84,85,78,75,83,84,81,73,70,89,81,77,83,84,78,85,59,84,81,85,83,11,14,12,14,8,2,1,2,0,4,1,12,I. Engen
226331,84,2,1,0.0,0.0,0.0,0.0,0.0,0.0,18,14,21,23,18,16,19,14,17,13,44,46,64,80,69,59,77,43,42,20,23,22,16,23,43,24,14,16,12,85,80,78,81,84,1,1,2,2,5,4,1,A. Harris
226987,84,4,4,77.0,79.0,79.0,87.0,46.0,55.0,72,80,62,81,85,89,81,78,78,87,80,74,88,80,89,77,67,71,50,78,44,45,82,82,76,77,66,28,30,12,12,7,11,12,3,1,2,2,0,0,5,K. Asllani
227330,84,3,1,0.0,0.0,0.0,0.0,0.0,0.0,10,7,14,25,12,8,13,12,17,12,39,50,42,79,44,64,73,43,75,9,26,11,9,48,21,66,15,11,12,85,85,85,82,81,1,1,2,2,5,4,18,L. Benkarth
227337,84,5,4,86.0,73.0,81.0,86.0,57.0,58.0,86,78,48,83,74,87,78,64,78,83,88,84,90,84,94,70,71,86,49,60,42,71,81,78,77,79,40,65,66,17,10,7,12,10,3,1,0,2,10,3,8,S. Huth
227383,84,3,2,80.0,37.0,51.0,69.0,84.0,86.0,23,24,80,68,28,60,26,27,73,74,79,81,75,85,73,51,90,82,87,49,86,83,46,47,57,80,86,84,88,13,17,9,10,17,1,1,2,0,1,3,4,K. Buchanan
232202,84,2,4,94.0,72.0,76.0,86.0,27.0,56.0,82,80,36,83,70,86,46,37,75,87,95,93,93,73,94,65,48,76,54,67,39,31,77,75,54,74,28,24,20,14,16,12,15,11,2,1,0,2,10,3,9,D. Cascarino
233341,84,3,2,61.0,51.0,62.0,67.0,86.0,81.0,46,64,83,75,18,61,45,47,68,73,58,64,58,84,78,45,78,76,83,42,82,84,35,57,50,82,89,87,85,11,11,5,8,11,1,1,2,2,1,1,4,A. Erceg
233364,84,4,4,88.0,84.0,65.0,83.0,32.0,72.0,53,88,78,75,80,87,64,63,52,86,86,89,68,82,66,83,59,75,83,81,46,19,83,69,70,73,43,19,17,9,16,13,15,11,1,1,0,2,12,4,16,S. Blackstenius
233751,84,3,4,84.0,76.0,79.0,85.0,56.0,73.0,74,77,56,82,66,86,74,68,80,85,85,83,86,82,87,74,62,86,60,75,91,64,82,83,78,82,48,59,50,15,9,17,11,10,2,1,0,0,0,0,8,D. van de Donk
233837,84,3,4,85.0,78.0,84.0,86.0,57.0,68.0,79,82,60,89,74,87,78,74,85,88,87,84,86,84,87,70,64,85,62,77,65,74,78,85,76,75,45,60,48,8,13,15,7,15,2,1,0,2,4,0,8,L. Magull
247788,84,3,4,86.0,71.0,80.0,84.0,64.0,65.0,83,81,67,83,75,88,78,49,81,79,87,85,88,81,85,62,67,77,62,57,55,64,83,79,61,76,59,68,68,5,8,10,15,5,3,1,2,0,10,3,8,G. Gwinn
248717,84,3,3,70.0,70.0,75.0,77.0,84.0,82.0,62,75,79,84,57,76,59,55,80,80,72,69,71,84,78,77,79,80,85,60,79,84,75,77,53,79,83,85,84,14,14,9,11,11,2,1,2,2,1,6,12,L. Oberdorf
226973,83,3,3,88.0,80.0,75.0,80.0,35.0,69.0,82,85,69,75,81,83,76,58,70,84,85,90,67,79,67,72,53,91,66,75,54,18,83,75,74,77,58,19,17,9,10,10,7,10,3,1,0,0,11,1,9,S. Jakobsson
226978,83,3,1,0.0,0.0,0.0,0.0,0.0,0.0,18,16,14,23,14,17,13,17,16,20,47,44,36,85,68,60,72,44,57,15,24,24,17,60,25,70,29,17,16,87,73,80,74,89,1,1,2,2,5,4,18,H. Lindahl
227013,83,3,4,80.0,83.0,78.0,84.0,44.0,77.0,81,86,79,80,76,88,74,58,73,87,80,80,72,79,60,82,58,74,91,83,50,24,82,82,77,74,52,41,36,7,11,16,14,9,2,0,1,2,8,1,7,F. Rolfö
227190,83,3,2,70.0,52.0,62.0,65.0,86.0,76.0,59,51,87,82,50,57,67,74,62,78,68,72,53,82,65,60,77,76,74,50,83,85,21,25,72,75,86,86,85,15,12,13,14,16,1,1,2,0,1,1,4,Irene Paredes
227257,83,3,4,77.0,77.0,81.0,81.0,69.0,69.0,80,80,51,84,66,79,83,71,82,84,80,75,74,87,85,70,68,93,59,79,63,74,75,78,74,75,69,76,57,9,14,13,16,17,2,1,0,0,4,3,8,J. Nobbs
227282,83,3,3,77.0,76.0,82.0,79.0,85.0,72.0,72,66,78,88,66,76,84,86,85,78,76,78,88,79,91,87,86,83,61,89,80,83,74,78,76,73,82,90,89,14,11,9,16,11,2,1,2,0,1,3,8,M. Mjelde
227346,83,3,2,76.0,45.0,65.0,68.0,83.0,83.0,59,33,83,85,29,62,34,36,78,80,76,76,60,76,50,68,72,78,86,47,84,81,53,43,57,79,80,87,84,7,16,12,12,15,1,1,2,0,1,4,4,G. Mbock
227361,83,3,4,85.0,78.0,78.0,83.0,50.0,58.0,83,84,69,81,71,85,70,56,71,82,84,85,80,78,77,74,50,74,55,74,47,54,82,80,59,79,33,58,50,15,7,7,15,13,3,1,2,2,10,3,19,K. Diani
227405,83,5,4,70.0,77.0,81.0,81.0,73.0,70.0,75,78,63,83,65,81,75,78,82,84,71,69,76,79,72,76,74,78,67,80,68,75,80,85,76,84,73,76,70,11,10,9,16,8,3,1,0,2,4,4,8,S. Schmidt
227466,83,2,3,80.0,61.0,72.0,74.0,82.0,81.0,78,48,64,74,60,71,82,78,71,76,83,78,74,80,80,69,77,92,78,77,75,82,61,60,76,72,84,84,83,10,11,10,12,11,1,1,0,2,9,0,15,K. Robles
232073,83,3,4,88.0,79.0,75.0,84.0,33.0,56.0,79,82,67,81,70,84,67,67,64,86,87,88,77,82,93,75,62,74,48,79,54,43,82,75,75,72,24,28,25,12,11,15,16,17,3,1,0,2,11,0,9,M. Pugh
232077,83,2,1,0.0,0.0,0.0,0.0,0.0,0.0,17,13,16,23,12,16,14,15,38,15,43,46,61,71,59,54,80,44,43,14,28,23,13,14,42,49,11,19,20,82,89,72,81,82,1,1,2,2,5,6,1,A. Franch
233747,83,4,3,66.0,74.0,86.0,75.0,76.0,75.0,86,62,60,87,78,69,90,87,89,80,65,66,69,78,85,86,62,80,75,86,70,88,64,79,87,88,75,75,70,16,16,7,8,11,2,1,2,0,2,5,8,S. Spitse
235659,83,4,4,90.0,78.0,76.0,85.0,58.0,62.0,73,84,68,80,67,85,58,57,69,87,91,89,86,82,83,76,68,77,60,71,45,53,79,84,71,73,68,53,41,11,12,10,17,7,3,1,0,2,10,3,19,N. Parris
245205,83,5,4,87.0,83.0,79.0,89.0,28.0,70.0,74,84,71,81,85,91,86,84,66,88,88,86,88,86,87,78,74,87,64,83,62,30,87,85,85,85,17,28,15,11,14,12,15,13,1,0,0,2,12,3,7,Miri Couto
245206,83,4,4,89.0,76.0,80.0,83.0,27.0,64.0,84,70,45,81,67,85,80,78,78,79,86,91,85,82,84,83,58,90,54,81,59,34,81,74,79,82,18,25,24,14,10,15,7,14,1,0,0,2,7,3,9,Emanuelly Barni
246272,83,4,4,85.0,84.0,70.0,82.0,20.0,61.0,69,86,85,83,83,83,71,52,55,84,86,85,79,81,73,84,67,59,76,82,26,11,82,62,74,70,15,10,15,14,12,11,14,8,1,1,0,1,12,1,16,M. Katoto
226325,82,3,4,76.0,62.0,77.0,74.0,79.0,79.0,80,55,81,80,62,74,67,66,76,79,75,76,54,82,74,78,63,80,78,60,83,80,55,77,73,80,79,78,79,14,7,8,14,11,2,1,2,0,9,3,15,A. Krieger
226354,82,3,4,83.0,76.0,83.0,84.0,73.0,71.0,81,79,69,88,75,86,80,70,84,85,85,82,82,82,80,75,60,79,69,69,69,70,79,79,73,78,82,71,64,15,15,11,12,8,2,1,2,0,4,4,8,M. Leupolz
226375,82,3,3,81.0,35.0,66.0,71.0,82.0,75.0,71,23,77,79,30,70,35,33,66,74,77,84,69,83,61,62,76,82,70,27,80,82,59,54,56,72,84,81,80,13,10,13,9,9,2,1,2,2,9,1,2,K. Hendrich
226922,82,4,2,75.0,53.0,71.0,71.0,81.0,78.0,70,54,79,80,43,64,61,59,69,76,76,75,75,84,76,65,79,77,78,38,80,83,64,64,63,74,81,81,82,7,14,15,13,9,2,1,1,0,1,3,15,Wu Haiyan
227110,82,3,4,89.0,77.0,74.0,82.0,68.0,66.0,82,82,45,75,66,80,70,60,61,86,92,87,79,68,88,72,87,94,62,71,37,74,88,78,70,81,65,76,62,12,16,12,12,13,3,1,0,0,11,3,8,C. Foord
227119,82,2,3,76.0,67.0,71.0,72.0,78.0,76.0,74,73,68,74,56,72,69,52,79,69,79,74,66,80,74,64,77,87,75,62,66,84,70,61,54,82,80,75,79,14,8,15,9,8,2,0,0,2,6,4,15,S. Catley
227270,82,3,3,63.0,84.0,64.0,75.0,43.0,82.0,60,86,86,69,79,75,50,67,55,81,60,65,55,88,67,83,64,85,87,82,72,26,88,68,72,77,44,39,43,9,16,16,9,15,2,1,0,2,12,4,7,E. White
227281,82,4,3,87.0,78.0,80.0,79.0,77.0,71.0,81,80,81,82,75,78,84,71,78,80,89,85,79,79,80,78,76,89,63,78,69,78,76,76,69,74,75,78,77,13,9,14,9,17,2,0,0,2,6,3,8,K. Minde
227300,82,4,4,80.0,60.0,73.0,79.0,81.0,69.0,79,52,76,82,47,80,64,58,75,78,84,77,73,81,82,79,69,77,61,64,78,83,59,58,57,83,80,80,83,13,16,12,9,16,2,1,0,2,9,3,15,L. Maier
227323,82,4,4,79.0,79.0,81.0,81.0,44.0,57.0,82,82,50,83,42,81,70,70,79,81,80,79,83,74,89,82,62,82,43,79,58,47,82,85,75,75,38,44,54,16,16,12,11,16,3,0,0,2,7,3,5,G. Reiten
227392,82,3,3,83.0,70.0,83.0,80.0,78.0,76.0,86,62,71,85,64,80,77,72,79,81,86,80,73,84,85,79,72,84,71,76,80,81,81,85,79,82,81,77,70,14,10,11,9,14,3,1,0,2,9,3,8,A. Lawrence
227410,82,3,3,67.0,51.0,72.0,72.0,79.0,84.0,63,42,68,85,28,68,32,38,78,76,68,67,63,74,82,69,68,84,83,58,90,80,60,74,55,80,80,83,74,13,17,16,10,15,2,1,1,0,2,5,2,D. Scott
233749,82,2,1,0.0,0.0,0.0,0.0,0.0,0.0,16,12,16,26,14,16,12,16,17,24,30,37,32,79,46,57,84,24,70,12,36,17,12,33,15,57,16,17,17,81,80,76,79,85,1,1,2,2,5,4,18,S. van Veenendaal
236641,82,3,2,71.0,49.0,75.0,68.0,84.0,81.0,73,46,78,79,38,68,54,57,81,64,68,74,56,86,90,53,76,86,79,46,83,85,69,73,70,74,85,84,82,10,9,14,14,14,1,1,2,0,1,3,15,A. Dahlkemper
238257,82,4,2,57.0,46.0,63.0,63.0,83.0,86.0,50,45,87,76,35,59,30,45,70,70,51,61,44,78,58,55,71,75,93,38,85,79,38,60,65,76,86,83,82,11,12,12,8,16,1,1,2,0,1,6,4,M. Bright
239345,82,4,4,82.0,76.0,78.0,86.0,47.0,59.0,72,79,42,81,69,86,75,63,80,85,84,80,92,82,93,74,58,78,50,78,57,50,80,81,48,76,46,48,44,8,13,16,9,13,3,1,0,2,0,3,19,L. Dallmann
240030,82,3,3,85.0,46.0,73.0,76.0,77.0,79.0,79,45,67,78,34,73,59,32,82,80,86,84,70,84,78,60,72,84,77,36,78,79,60,65,43,84,77,80,77,9,17,15,11,14,1,1,0,1,9,3,2,E. Carpenter
240714,82,4,4,69.0,80.0,81.0,83.0,53.0,67.0,84,83,67,85,80,84,77,77,77,86,72,66,76,83,70,73,56,76,72,79,44,57,85,78,78,82,59,46,34,11,14,13,9,10,3,1,2,2,8,4,7,J. Roord
245188,82,3,2,72.0,39.0,58.0,64.0,84.0,80.0,38,20,84,71,30,61,68,33,70,64,71,72,64,81,63,58,84,78,79,67,82,85,22,50,45,83,84,85,83,6,9,6,9,7,1,1,2,2,1,3,4,Jully Mutto
245193,82,3,4,77.0,83.0,67.0,82.0,23.0,73.0,61,85,84,77,81,81,78,73,46,86,79,76,78,78,80,86,69,83,74,78,59,26,81,67,83,75,16,11,14,11,7,9,5,8,1,0,2,2,12,4,16,Palomy Bastos
247789,82,3,1,0.0,0.0,0.0,0.0,0.0,0.0,9,8,10,28,7,8,11,10,29,20,40,57,61,80,44,56,79,29,71,7,20,18,7,31,18,44,6,9,11,83,79,74,81,81,1,1,2,2,5,4,18,M. Frohms
248822,82,4,4,82.0,83.0,75.0,84.0,24.0,62.0,74,85,76,80,73,84,71,62,74,86,81,83,85,81,75,83,69,62,71,82,40,20,81,74,72,73,18,17,14,9,6,13,14,9,2,1,0,2,12,4,16,K. Bühl
258310,82,3,1,0.0,0.0,0.0,0.0,0.0,0.0,8,7,15,24,6,11,12,11,20,14,37,49,38,80,32,58,60,29,67,6,19,10,9,39,14,58,9,10,10,85,83,77,76,80,1,1,2,2,5,4,18,A. Berger
227101,81,3,3,93.0,62.0,80.0,82.0,66.0,65.0,89,59,71,79,64,81,82,71,77,80,91,94,92,73,92,63,85,83,55,61,64,69,78,75,64,84,60,69,66,11,15,14,8,8,2,1,0,0,7,3,8,E. Haavi
227118,81,2,1,0.0,0.0,0.0,0.0,0.0,0.0,14,13,19,22,17,16,13,17,24,19,47,49,36,75,68,50,53,42,37,19,24,21,13,37,26,60,21,15,21,82,76,67,89,80,1,1,2,2,5,1,18,L. Williams
227776,81,3,1,0.0,0.0,0.0,0.0,0.0,0.0,16,13,20,23,19,16,40,35,18,20,44,50,54,72,70,63,72,45,64,17,19,19,14,34,27,56,22,18,14,81,79,84,80,83,1,1,2,2,5,3,18,Sandra Paños
236479,81,3,2,72.0,39.0,70.0,65.0,83.0,73.0,80,35,79,81,20,52,54,71,60,80,73,72,70,80,70,44,63,68,72,42,82,83,54,53,55,63,81,85,86,12,8,11,14,12,2,0,2,2,1,3,2,Mapi León
239791,81,3,2,73.0,53.0,68.0,69.0,80.0,75.0,76,58,79,80,32,66,55,30,64,75,72,73,55,80,66,58,70,77,77,46,71,80,38,54,44,75,78,83,82,10,17,11,16,7,3,1,2,2,9,4,2,H. Glas
244302,81,3,3,87.0,81.0,67.0,78.0,32.0,67.0,61,86,77,72,69,78,78,60,59,80,86,87,78,80,75,79,69,73,69,75,53,31,86,68,76,74,24,26,27,16,13,14,11,9,1,1,2,2,12,1,9,L. Schüller
245177,81,3,4,81.0,52.0,70.0,80.0,77.0,74.0,83,42,59,78,70,83,83,40,72,79,84,78,77,79,75,63,63,88,68,58,75,78,72,48,38,80,79,78,81,14,13,15,8,14,1,0,0,1,6,3,15,Letinha Lia
245194,81,5,4,89.0,55.0,79.0,81.0,29.0,58.0,85,49,57,78,48,78,85,53,80,80,90,88,90,83,90,64,60,84,44,48,60,40,86,78,78,84,17,27,21,10,11,5,6,8,1,0,0,2,10,3,9,Isinha Macapá
245199,81,2,3,66.0,66.0,72.0,69.0,78.0,80.0,56,54,48,83,66,66,58,57,81,71,64,67,68,80,71,80,84,86,72,77,89,84,64,68,66,81,80,82,79,15,10,12,13,5,1,1,1,0,2,3,12,Becky Saudera
247791,81,3,3,70.0,79.0,77.0,80.0,75.0,76.0,65,82,68,84,58,81,60,52,82,83,68,71,75,81,68,81,69,76,80,80,68,78,82,81,61,76,78,74,73,13,9,13,13,11,2,1,0,0,0,6,12,S. Lohmann
248715,81,3,2,71.0,35.0,52.0,67.0,83.0,79.0,32,33,83,69,37,63,30,30,67,70,67,75,66,83,64,42,85,72,82,29,77,80,49,42,38,83,86,84,81,12,14,7,12,11,1,1,0,2,1,5,4,M. Hegering
261781,81,4,4,84.0,81.0,79.0,81.0,26.0,67.0,79,84,74,81,79,82,74,78,74,81,82,85,81,81,77,76,73,72,72,81,46,22,84,80,81,83,21,19,18,13,7,11,11,10,3,1,0,1,12,0,9,T. Wullaert
226360,80,4,3,86.0,79.0,74.0,81.0,43.0,69.0,68,80,77,79,77,82,73,69,72,83,88,85,79,79,79,78,58,69,75,79,57,40,79,75,73,67,44,36,33,15,16,7,17,11,2,0,2,2,12,3,9,Wang Shuang
226960,80,3,3,82.0,79.0,73.0,78.0,57.0,73.0,78,82,80,78,75,80,75,74,69,78,81,83,73,79,72,77,57,68,79,79,68,57,80,60,63,67,44,65,49,8,15,15,10,17,3,1,2,2,12,3,8,Tang Jiali
227112,80,4,3,71.0,51.0,77.0,69.0,82.0,79.0,73,36,72,79,31,64,78,72,75,75,70,71,67,76,76,69,80,72,84,62,74,90,61,78,72,75,87,76,74,9,15,9,8,11,3,0,2,0,2,0,15,E. Kellond-Knight
227241,80,3,1,0.0,0.0,0.0,0.0,0.0,0.0,29,14,23,31,13,28,29,24,36,32,41,39,31,82,56,60,64,45,59,16,20,18,14,13,43,56,30,19,17,76,79,80,85,76,1,1,2,2,5,1,1,K. Bardsley
227254,80,3,2,69.0,43.0,65.0,67.0,80.0,76.0,84,29,76,74,43,62,60,66,60,75,68,70,54,83,66,56,75,78,76,60,74,78,47,37,54,71,78,84,81,12,10,12,15,14,1,0,2,2,6,3,2,A. Greenwood
227262,80,3,4,59.0,73.0,71.0,75.0,78.0,87.0,50,72,85,82,54,78,49,43,76,80,57,61,49,91,46,78,74,90,92,75,73,73,77,79,65,75,76,83,67,10,15,12,17,9,2,1,0,0,4,1,12,J. Scott
227269,80,3,1,0.0,0.0,0.0,0.0,0.0,0.0,19,12,17,48,19,16,16,12,40,39,50,42,38,77,60,69,54,38,49,19,20,22,13,18,38,31,28,19,14,71,90,92,78,76,1,1,2,2,5,4,1,C. Telford
227381,80,3,3,90.0,73.0,74.0,78.0,22.0,62.0,77,74,64,76,68,78,72,58,73,78,91,89,78,77,84,68,71,75,65,75,34,20,86,71,67,70,17,15,17,8,10,10,7,13,2,1,0,2,7,1,16,J. Beckie
227391,80,2,1,0.0,0.0,0.0,0.0,0.0,0.0,18,17,18,23,20,15,20,12,18,25,44,42,41,79,54,55,64,43,52,15,23,18,16,16,31,23,15,20,12,80,77,73,78,83,1,1,2,2,5,1,1,S. Labbé
231347,80,3,3,68.0,53.0,69.0,72.0,79.0,68.0,81,44,67,78,40,69,44,48,74,77,70,66,67,78,86,67,58,74,66,61,66,81,57,50,50,62,79,82,81,13,10,8,13,16,1,1,0,2,9,3,2,M. Torrent
232074,80,2,3,76.0,59.0,75.0,72.0,78.0,78.0,70,46,68,80,59,72,66,65,76,74,77,75,57,84,86,74,68,88,72,67,81,79,69,74,64,64,81,75,81,14,8,12,12,10,3,1,2,0,9,3,15,E. Sonnett
233343,80,3,4,79.0,75.0,79.0,79.0,76.0,74.0,87,77,70,77,65,79,81,79,78,81,78,79,73,82,72,72,61,77,76,75,67,80,78,77,81,73,76,75,76,11,13,8,13,8,3,0,0,2,6,5,8,A. Riley
233755,80,2,2,62.0,53.0,66.0,57.0,81.0,84.0,60,50,85,72,30,54,54,36,73,63,54,68,46,72,44,70,74,70,91,54,88,73,34,65,46,74,81,82,86,7,9,15,13,15,1,0,1,0,1,4,4,S. van der Gragt
233838,80,3,3,83.0,51.0,65.0,74.0,78.0,71.0,75,41,70,76,41,70,52,60,53,76,84,83,80,77,84,69,78,82,66,48,70,79,69,50,73,64,77,80,78,17,15,16,13,9,2,0,0,2,6,3,15,F. Rauch
235657,80,3,3,79.0,78.0,72.0,78.0,63.0,70.0,79,79,69,77,75,80,53,46,67,81,80,79,70,81,68,80,73,81,70,75,54,52,80,73,66,70,63,68,65,12,9,14,9,17,2,1,2,2,10,3,8,R. Daly
237197,80,2,3,75.0,52.0,71.0,76.0,78.0,67.0,52,55,64,83,35,74,47,44,81,83,74,75,67,74,81,53,57,76,64,51,68,77,47,75,50,62,77,84,82,13,16,16,14,11,2,1,2,2,2,3,2,G. Geyoro
237673,80,2,1,0.0,0.0,0.0,0.0,0.0,0.0,13,10,17,29,11,14,13,15,26,17,18,30,46,79,46,56,53,38,33,17,26,13,7,29,25,33,18,14,13,82,80,74,73,80,1,1,2,2,5,6,6,K. Sheridan
240717,80,2,4,90.0,73.0,69.0,84.0,52.0,73.0,74,75,68,70,65,85,72,47,64,82,91,90,82,84,88,71,57,77,77,74,63,48,82,69,64,77,52,52,45,14,16,16,13,16,3,1,0,1,11,5,19,L. Beerensteyn
243415,80,1,1,0.0,0.0,0.0,0.0,0.0,0.0,18,18,14,32,14,24,19,18,30,30,45,52,35,79,70,57,68,38,53,20,23,22,18,68,24,61,30,21,23,80,77,76,80,78,1,1,2,2,5,1,18,Peng Shimeng
245197,80,2,1,0.0,0.0,0.0,0.0,0.0,0.0,11,5,14,25,7,9,11,14,19,13,48,52,60,78,53,56,68,34,49,9,26,22,8,57,12,67,22,13,11,82,75,74,73,86,1,1,2,2,5,4,18,Julininha Ruiz
245204,80,4,4,76.0,69.0,75.0,81.0,27.0,47.0,65,77,45,83,43,86,45,50,81,82,78,75,70,77,76,53,58,50,48,73,38,20,75,81,62,60,28,25,27,7,11,12,12,9,2,1,2,2,0,3,13,Karole Pombal
261773,80,3,3,79.0,81.0,53.0,75.0,23.0,61.0,35,86,77,72,78,74,60,51,44,78,77,80,64,82,76,79,72,64,67,75,40,16,85,45,72,77,17,19,15,8,10,13,5,14,2,1,2,2,12,4,3,L. Freigang
261785,80,4,4,79.0,80.0,76.0,81.0,53.0,67.0,76,82,74,78,72,80,74,78,69,83,78,80,79,82,75,77,74,73,70,79,52,57,82,79,75,84,47,52,47,10,14,13,12,8,3,1,2,2,11,3,7,J. Cayman
226911,79,3,3,77.0,42.0,68.0,70.0,77.0,75.0,72,37,75,73,38,64,46,45,73,72,73,81,77,81,70,45,74,81,70,43,78,80,67,61,51,83,76,78,74,12,7,16,9,8,1,0,2,2,6,5,2,Liu Shanshan
227113,79,3,4,62.0,72.0,76.0,72.0,70.0,83.0,71,66,76,75,63,72,78,78,80,77,62,62,59,86,44,81,61,87,86,75,74,73,82,80,85,87,69,69,64,11,14,9,15,16,3,1,2,1,4,1,12,E. van Egmond
227137,79,3,3,93.0,74.0,67.0,83.0,33.0,63.0,65,82,36,69,64,85,66,51,64,84,95,92,82,60,82,72,66,82,45,62,82,42,83,73,68,76,26,37,23,16,15,10,13,14,2,1,0,2,11,3,9,H. Raso
227264,79,3,3,92.0,39.0,62.0,74.0,77.0,78.0,69,30,69,69,29,75,43,49,56,73,94,90,73,77,80,40,73,89,77,56,68,76,44,54,60,73,78,79,73,11,12,16,12,8,1,0,0,2,6,3,2,D. Stokes
227452,79,4,4,78.0,77.0,76.0,82.0,37.0,62.0,75,80,46,78,60,82,75,70,72,84,80,77,80,76,81,78,83,79,56,75,50,46,76,77,68,85,46,23,21,11,10,12,11,13,3,1,2,2,0,3,9,S. Mayor
233338,79,3,4,74.0,65.0,80.0,76.0,78.0,60.0,84,74,76,81,27,75,80,81,81,76,75,73,71,79,84,57,57,58,54,59,80,81,74,75,68,74,79,76,77,17,14,14,12,12,2,1,0,2,9,3,15,R. Percival
233752,79,2,4,94.0,70.0,71.0,77.0,39.0,77.0,78,72,70,74,62,77,64,46,61,75,93,94,85,79,82,69,79,72,77,69,82,34,82,72,49,72,37,39,27,9,13,16,10,9,1,1,0,1,11,3,9,S. van de Sanden
233756,79,5,3,77.0,68.0,75.0,76.0,79.0,80.0,73,61,76,79,47,75,74,75,73,79,75,78,73,81,68,77,75,88,78,75,77,80,74,74,72,78,80,79,79,17,15,16,15,16,3,1,0,0,1,1,12,D. Janssen
236428,79,2,3,77.0,46.0,72.0,75.0,77.0,72.0,85,44,49,86,32,74,36,35,77,78,80,74,77,64,84,54,64,75,72,46,72,74,50,50,50,65,82,84,78,8,16,15,17,16,1,1,0,2,9,0,2,E. Perisset
242830,79,3,3,79.0,40.0,75.0,76.0,73.0,78.0,67,38,55,84,40,73,53,48,80,80,83,75,73,82,71,45,70,85,76,33,76,67,51,76,54,77,82,75,71,16,9,10,8,8,2,1,2,2,2,3,2,K. Walsh
243403,79,3,4,79.0,72.0,74.0,78.0,34.0,65.0,80,78,69,83,60,81,48,55,68,82,82,76,65,77,70,72,73,78,70,65,32,22,68,69,70,70,42,25,23,13,7,7,6,8,2,1,2,2,10,4,16,C. Emslie
245186,79,3,3,85.0,44.0,71.0,77.0,75.0,68.0,79,38,68,76,33,75,78,39,63,78,83,86,86,73,78,57,76,78,57,43,80,77,69,64,39,77,75,76,73,9,7,8,5,9,1,1,0,2,9,0,2,Bianca Revelia
245202,79,2,2,59.0,34.0,51.0,57.0,82.0,80.0,42,26,79,66,32,54,43,26,50,58,56,62,48,76,54,45,65,73,82,38,87,81,18,42,58,75,82,86,78,8,12,8,11,10,1,1,1,0,1,4,4,Becky Redela
245873,79,3,3,67.0,70.0,53.0,66.0,81.0,74.0,42,75,78,79,49,62,38,56,40,72,65,68,63,78,61,72,74,68,75,68,80,82,61,33,64,59,83,79,77,13,8,10,7,12,1,1,0,2,1,4,11,J. Beattie
245879,79,3,3,69.0,73.0,73.0,76.0,73.0,57.0,42,75,60,80,54,78,72,78,79,79,68,69,58,77,88,73,52,78,45,74,62,70,75,84,61,70,76,78,63,13,14,8,8,15,3,0,0,0,4,1,0,C. Weir
261789,79,3,3,78.0,81.0,65.0,74.0,32.0,71.0,52,84,80,72,79,73,67,62,62,78,72,82,67,73,62,78,70,72,80,76,45,32,83,68,81,83,26,27,16,9,14,8,8,14,2,1,2,2,12,4,16,T. De Caigny
226915,78,3,3,79.0,80.0,74.0,77.0,38.0,73.0,71,81,69,75,77,79,72,70,72,74,80,78,72,80,73,87,74,72,74,74,70,30,81,78,78,79,42,31,27,8,15,13,12,10,3,0,2,2,7,3,7,Li Ying
226940,78,3,3,79.0,71.0,70.0,75.0,74.0,71.0,43,74,72,79,45,75,69,58,78,78,78,80,73,79,72,69,79,80,71,73,59,80,74,76,67,68,64,79,75,17,8,16,7,12,2,1,2,2,4,4,0,Ma Jun
226979,78,3,2,78.0,36.0,54.0,53.0,78.0,80.0,42,34,80,68,28,42,28,52,59,64,76,80,46,76,48,48,61,72,85,30,81,77,26,45,55,79,75,82,78,15,9,9,7,14,1,1,2,2,1,1,4,A. Ilestedt
227109,78,3,2,61.0,62.0,66.0,62.0,80.0,81.0,30,62,81,76,40,57,77,82,77,75,61,61,40,67,41,65,55,82,86,64,75,79,59,70,69,81,79,81,78,10,10,10,16,13,2,1,2,0,1,1,12,A. Kennedy
227115,78,4,4,75.0,71.0,76.0,81.0,65.0,58.0,64,67,31,79,62,78,74,78,73,82,80,71,86,79,94,76,66,67,42,78,86,69,80,84,61,81,72,68,59,15,17,10,7,15,2,1,2,2,4,3,8,K. Gorry
227193,78,3,4,81.0,71.0,73.0,76.0,73.0,62.0,76,71,75,72,69,75,71,72,68,77,80,81,76,72,76,71,60,77,65,70,37,73,76,78,71,73,74,72,72,7,17,15,17,8,3,1,0,2,9,3,8,Marta Corredera
227387,78,4,3,74.0,71.0,69.0,80.0,66.0,56.0,49,71,46,84,43,81,31,30,78,80,75,73,71,76,95,74,44,82,39,77,71,70,78,74,57,71,68,69,59,9,8,6,9,10,2,1,2,2,4,0,11,J. Fleming
227775,78,4,3,79.0,75.0,77.0,78.0,72.0,71.0,77,76,48,77,59,77,74,78,78,80,78,80,79,75,81,74,63,81,75,78,50,74,73,77,73,67,80,74,58,14,8,9,16,10,3,1,0,0,10,3,8,Amanda Sampedro
233337,78,3,1,0.0,0.0,0.0,0.0,0.0,0.0,18,14,15,24,12,17,14,17,22,13,25,31,50,81,54,54,61,40,47,17,22,12,13,42,20,55,16,14,15,78,73,72,75,81,1,1,2,2,5,1,18,E. Nayler
233662,78,2,4,85.0,47.0,74.0,79.0,74.0,54.0,81,36,49,79,50,79,56,33,75,78,88,82,86,70,84,58,58,65,42,55,68,74,62,70,49,71,76,80,77,9,14,16,14,10,1,0,2,2,6,3,2,S. Karchaoui
233757,78,2,3,65.0,54.0,71.0,74.0,77.0,79.0,76,44,75,73,63,68,73,74,78,83,64,65,70,75,77,74,75,87,75,51,79,73,47,57,67,73,78,76,82,15,10,17,15,17,2,0,0,2,6,3,15,M. van Dongen
233854,78,2,2,50.0,65.0,71.0,63.0,81.0,85.0,67,60,82,77,52,64,66,58,76,65,44,55,46,68,46,82,68,76,93,64,78,82,67,66,63,84,83,80,77,13,16,10,17,8,2,1,1,0,2,4,12,A. Dekker
237289,78,3,3,71.0,78.0,74.0,77.0,72.0,65.0,69,81,71,78,41,78,40,61,79,80,69,72,71,75,79,78,71,74,66,83,48,69,74,79,75,64,73,77,62,14,8,9,17,17,2,1,0,2,4,3,0,Patri Guijarro
243379,78,2,1,0.0,0.0,0.0,0.0,0.0,0.0,16,9,25,28,15,14,13,13,30,40,28,24,37,73,47,59,71,22,37,10,22,8,7,48,19,54,19,24,20,80,82,78,76,74,1,1,2,2,5,6,6,Z. Mušović
243404,78,4,4,83.0,73.0,77.0,76.0,35.0,57.0,66,74,47,82,68,74,67,75,80,77,84,82,82,76,83,70,69,83,48,72,44,26,75,82,78,69,57,19,23,12,8,15,10,8,2,1,0,2,0,3,9,G. Stanway
245802,78,3,3,82.0,77.0,69.0,79.0,33.0,63.0,75,78,67,69,70,81,71,39,68,79,83,81,68,78,84,78,66,83,65,77,31,29,77,73,74,81,21,37,34,11,15,17,16,10,3,1,2,2,7,3,9,B. Mead
245882,78,3,4,79.0,78.0,67.0,76.0,23.0,58.0,66,80,78,75,68,76,76,69,53,77,77,80,62,82,87,77,68,78,60,77,26,13,82,61,75,77,12,22,23,12,7,5,7,14,3,1,2,2,12,3,16,E. Cuthbert
246426,78,3,2,66.0,47.0,57.0,60.0,79.0,71.0,48,46,78,75,45,49,37,35,68,70,64,68,54,84,73,48,82,65,69,51,80,83,31,36,52,67,79,77,77,13,13,11,9,8,1,1,2,2,1,3,4,L. Williamson
226917,77,4,4,80.0,76.0,75.0,77.0,61.0,73.0,77,82,80,74,66,77,76,78,73,78,82,79,77,78,70,72,72,71,75,68,71,60,77,76,71,83,40,72,69,15,15,16,9,10,3,0,2,2,12,3,8,Wang Shanshan
226932,77,4,3,75.0,60.0,75.0,74.0,47.0,55.0,78,76,40,76,34,76,69,67,74,78,73,77,67,77,50,40,47,70,52,46,46,50,75,74,59,58,42,58,32,6,9,9,14,14,3,0,2,2,10,3,19,Zhang Xin
226985,77,3,4,85.0,75.0,72.0,77.0,41.0,73.0,78,78,70,72,70,79,74,54,65,80,86,84,73,71,61,76,73,79,78,72,52,28,71,76,74,75,44,39,37,13,15,12,10,11,2,1,2,2,8,4,9,O. Schough
226988,77,2,3,85.0,53.0,73.0,79.0,77.0,68.0,70,53,64,76,50,76,63,57,75,80,83,87,87,74,89,47,81,80,56,53,79,74,73,74,55,78,80,78,79,15,12,10,8,9,2,1,2,0,2,5,15,E. Rubensson
227111,77,3,2,59.0,34.0,62.0,57.0,76.0,79.0,37,27,80,77,42,48,29,27,72,61,57,60,48,77,71,46,79,72,85,28,72,70,46,68,51,88,72,82,79,16,13,15,9,13,1,1,2,2,1,4,4,C. Polkinghorne
227120,77,3,3,71.0,68.0,77.0,76.0,61.0,75.0,75,67,56,79,73,71,65,66,80,82,68,74,77,78,68,61,77,78,74,72,72,57,81,79,71,83,56,70,58,16,8,16,15,15,2,1,2,2,0,0,8,T. Yallop
227195,77,3,3,70.0,65.0,74.0,72.0,74.0,66.0,70,61,56,80,48,73,60,52,79,78,68,71,54,73,69,65,66,70,63,78,66,75,72,73,55,67,77,76,77,11,8,11,14,8,2,1,2,2,2,4,0,Virginia Torrecilla
227201,77,3,3,74.0,74.0,72.0,74.0,69.0,72.0,51,77,68,76,70,73,77,76,75,78,76,73,70,77,75,71,73,74,75,75,63,74,78,81,60,72,62,73,67,12,11,11,14,14,3,1,0,0,4,3,0,Vicky Losada
227368,77,1,1,0.0,0.0,0.0,0.0,0.0,0.0,14,14,14,23,16,16,18,15,17,22,53,51,56,72,54,53,64,43,58,17,17,23,16,58,22,70,17,20,17,79,74,71,73,80,1,1,2,2,5,1,18,C. Fiskerstrand
227400,77,2,1,0.0,0.0,0.0,0.0,0.0,0.0,15,15,16,23,12,19,15,15,21,18,39,40,62,65,63,57,50,38,51,17,19,22,20,13,29,23,14,14,18,76,74,76,75,76,1,1,2,2,5,4,1,E. McLeod
233350,77,3,4,79.0,59.0,78.0,75.0,71.0,70.0,80,59,64,79,49,73,59,55,79,77,78,79,72,78,87,58,73,82,66,60,65,74,72,83,56,77,70,72,73,14,9,9,10,11,3,1,2,2,4,0,15,K. Bowen
235585,77,3,3,84.0,45.0,63.0,73.0,73.0,64.0,78,42,61,70,35,72,54,26,69,71,83,85,77,67,85,54,78,76,53,47,71,72,45,44,33,75,70,80,77,13,16,15,15,16,2,0,0,2,6,0,2,J. Andersson
236642,77,3,3,79.0,65.0,70.0,71.0,75.0,78.0,69,58,73,75,58,70,62,61,72,73,80,79,58,76,87,76,78,78,76,69,82,77,71,66,65,72,75,75,74,15,9,16,16,16,2,1,2,2,6,4,15,C. Krueger
237288,77,4,3,68.0,74.0,76.0,79.0,48.0,67.0,75,80,47,79,56,83,54,72,74,82,70,67,60,72,92,60,66,65,74,77,52,41,74,78,79,64,67,36,40,13,8,11,11,9,3,1,0,2,8,3,5,Mariona
241667,77,3,4,72.0,72.0,74.0,78.0,61.0,61.0,67,79,61,81,50,80,66,51,79,81,73,71,70,65,81,51,73,69,64,84,42,60,80,74,60,63,59,67,54,9,15,11,12,14,3,1,2,2,10,3,19,Aitana Bonmatí
242895,77,3,3,69.0,69.0,77.0,75.0,64.0,65.0,71,66,43,82,60,75,68,61,79,79,70,68,65,72,78,75,61,81,65,75,45,65,73,81,49,71,66,70,59,13,13,11,13,13,2,1,2,2,4,3,0,V. Risa
243419,77,3,2,79.0,49.0,68.0,64.0,78.0,76.0,50,46,80,78,51,50,69,67,72,77,77,80,75,77,77,50,77,80,75,48,74,79,61,65,65,70,75,78,79,16,10,8,12,17,1,1,1,0,1,1,15,Lin Yuping
245196,77,3,4,79.0,71.0,74.0,75.0,29.0,62.0,76,70,42,75,64,79,78,68,70,74,76,81,56,78,83,73,44,75,60,70,54,17,78,74,73,80,27,35,32,11,7,12,8,9,1,1,0,0,7,0,9,Melinda Goiás
245876,77,3,3,77.0,40.0,61.0,70.0,74.0,68.0,76,42,57,66,18,65,43,45,48,75,75,79,70,79,84,44,54,82,68,27,52,76,64,55,48,60,77,74,78,11,11,7,14,14,1,0,2,2,6,5,17,E. Mitchell
245878,77,3,4,80.0,70.0,71.0,77.0,48.0,56.0,77,74,52,74,48,76,42,45,73,79,79,80,75,78,86,70,52,75,52,68,45,51,76,74,54,62,48,46,48,15,11,10,5,5,2,1,2,0,10,0,19,L. Evans
246317,77,3,2,70.0,55.0,55.0,58.0,79.0,77.0,38,48,76,68,46,50,25,64,72,62,68,72,65,75,58,71,74,70,78,62,82,77,40,42,58,72,79,80,82,13,6,8,6,6,1,1,2,0,1,4,4,A. Nouwen
247461,77,3,3,80.0,40.0,67.0,71.0,75.0,70.0,74,35,64,75,35,70,65,25,69,75,77,82,67,73,75,40,73,77,65,48,72,76,55,57,33,66,74,77,76,7,14,9,8,12,3,1,2,0,9,1,2,N. Björn
247796,77,3,1,0.0,0.0,0.0,0.0,0.0,0.0,10,10,11,30,12,11,11,10,35,25,41,39,54,67,51,53,74,31,61,13,26,15,10,68,21,52,13,12,13,83,75,70,73,79,1,1,2,2,5,4,18,E. Roebuck
256489,77,4,3,79.0,80.0,64.0,76.0,46.0,67.0,62,82,68,69,69,76,56,56,59,72,78,79,81,77,83,80,71,78,68,78,49,46,84,65,80,74,42,46,40,5,6,10,8,14,1,1,0,2,12,3,9,B. England
259484,77,3,3,67.0,33.0,57.0,60.0,78.0,54.0,78,31,75,76,21,53,45,36,33,69,65,68,51,75,75,40,60,64,50,28,48,79,52,30,37,58,77,78,79,12,7,6,13,13,1,0,2,2,6,3,17,Zhai Qingwei
261836,77,3,4,76.0,77.0,77.0,74.0,45.0,61.0,77,80,64,78,70,77,68,75,76,78,75,77,53,77,76,74,68,64,66,75,42,40,74,79,75,64,45,43,45,6,14,7,7,14,3,1,2,2,0,0,5,Cláudia Neto
226913,76,3,3,81.0,76.0,77.0,74.0,68.0,77.0,76,72,52,78,69,73,76,78,77,76,83,80,75,75,72,84,47,77,79,76,81,72,80,77,73,79,68,75,55,12,8,9,14,9,3,1,0,0,4,4,8,Zhang Rui
226929,76,3,4,84.0,74.0,72.0,73.0,43.0,64.0,76,76,35,71,69,74,73,77,67,75,86,83,72,68,68,75,61,73,61,69,63,39,70,70,74,71,54,39,36,9,8,12,13,13,1,0,2,1,7,0,5,Gu Yasha
227348,76,3,3,89.0,65.0,71.0,76.0,48.0,62.0,74,68,57,76,68,77,64,64,63,73,87,90,79,70,78,55,69,72,61,67,49,48,74,71,64,73,44,51,39,8,16,13,7,13,3,1,0,1,10,3,19,V. Asseyi
227353,76,3,4,74.0,72.0,75.0,76.0,63.0,67.0,74,71,55,77,66,76,74,70,70,77,75,74,73,70,79,73,74,75,66,75,56,67,72,77,71,76,73,59,44,11,8,16,15,11,2,1,2,2,10,3,8,K. Dali
227384,76,3,2,76.0,35.0,52.0,57.0,77.0,75.0,69,30,76,60,22,47,30,34,40,64,79,74,63,73,75,35,64,82,69,40,84,76,45,40,58,67,77,79,77,10,16,12,17,11,2,0,2,2,6,3,17,A. Chapman
233150,76,3,3,74.0,48.0,64.0,68.0,75.0,71.0,78,36,77,76,30,62,31,44,55,75,70,77,69,70,74,59,62,70,78,67,55,69,62,47,48,61,73,79,78,15,7,15,13,16,1,0,0,2,6,1,2,Leila Ouahabi
233856,76,4,3,70.0,61.0,68.0,72.0,75.0,78.0,75,52,66,72,44,70,64,40,70,74,64,74,74,74,68,82,74,76,76,69,84,72,64,59,44,76,75,77,80,8,8,14,16,10,3,1,2,0,6,3,15,K. van Es
235594,76,3,2,66.0,24.0,61.0,60.0,77.0,80.0,64,18,73,73,24,53,61,23,63,66,64,67,60,76,64,38,83,84,77,20,80,75,25,46,39,70,78,79,76,13,7,15,14,7,1,0,2,0,1,4,4,S. Zadorsky
236648,76,2,2,64.0,32.0,57.0,56.0,77.0,76.0,38,29,72,79,36,38,33,30,74,78,66,63,52,70,64,41,73,77,76,25,75,75,34,36,43,69,78,79,74,16,8,9,13,10,1,1,2,2,1,1,14,A. Tounkara
244303,76,3,4,81.0,72.0,72.0,80.0,35.0,55.0,70,74,55,73,66,81,75,62,76,81,78,84,80,75,82,72,73,62,62,68,25,27,72,70,77,73,42,29,30,11,10,9,10,16,3,1,2,2,0,3,9,T. Knaak
245178,76,2,4,78.0,67.0,73.0,77.0,24.0,54.0,75,64,43,76,68,76,76,58,70,75,76,80,76,78,98,70,45,82,39,67,61,20,76,73,66,73,21,24,26,12,14,15,9,13,1,0,2,2,7,3,9,Cecil Sendela
245181,76,3,2,65.0,24.0,56.0,56.0,79.0,70.0,68,15,74,72,15,50,23,44,55,60,62,68,48,73,75,36,69,61,70,32,82,78,18,28,48,67,81,82,75,13,15,6,9,8,2,0,2,2,1,6,14,Zoe Tocantins
245195,76,4,3,76.0,61.0,72.0,72.0,23.0,58.0,79,73,45,76,44,74,46,48,78,77,78,75,60,72,70,51,48,72,58,47,45,18,72,68,50,58,21,20,25,6,7,5,6,14,2,1,2,2,10,3,13,Isaby Camila
245200,76,3,4,69.0,77.0,51.0,77.0,18.0,57.0,35,77,75,73,75,80,58,60,22,78,71,68,62,79,79,78,68,62,63,79,35,10,77,48,71,69,11,12,11,6,14,10,13,10,2,1,2,2,12,3,3,Niccole Cintra
245821,76,3,3,79.0,68.0,75.0,76.0,56.0,65.0,73,71,51,79,52,76,76,60,74,77,81,77,75,70,83,63,63,79,61,70,59,60,74,72,59,73,57,59,45,9,8,8,9,12,2,1,0,2,10,4,19,K. Sævik
245871,76,2,1,0.0,0.0,0.0,0.0,0.0,0.0,11,10,14,24,11,12,13,10,21,11,15,32,24,70,40,56,58,24,30,14,15,12,13,69,17,11,29,13,15,77,74,75,72,79,1,1,2,2,5,3,6,L. Alexander
245875,76,3,2,64.0,30.0,48.0,47.0,78.0,73.0,55,24,71,75,18,22,19,41,24,70,63,65,55,77,70,44,74,63,76,31,77,80,22,21,40,58,78,79,77,9,13,11,5,7,1,1,2,2,1,4,14,R. Corsie
246152,76,2,1,0.0,0.0,0.0,0.0,0.0,0.0,13,15,11,30,16,14,11,14,32,35,29,22,39,65,64,51,51,21,53,20,20,12,7,52,10,30,5,14,12,75,74,68,76,80,1,1,2,2,5,1,6,J. Falk
246153,76,3,3,75.0,79.0,66.0,78.0,45.0,55.0,56,83,68,78,64,79,38,41,78,83,73,76,70,77,69,78,67,73,43,80,61,38,75,60,66,68,38,50,44,15,5,13,8,14,1,1,0,2,12,3,19,A. Anvegård
247116,76,3,3,57.0,54.0,71.0,66.0,78.0,62.0,77,59,76,78,26,62,33,32,75,74,55,58,57,76,71,49,60,66,65,58,52,78,66,67,35,57,75,80,79,9,7,14,5,11,2,1,2,2,9,3,11,Li Mengwen
261740,76,3,3,85.0,69.0,72.0,73.0,52.0,54.0,70,78,59,75,58,74,58,53,74,76,84,86,67,70,70,62,61,63,55,60,39,47,71,76,55,65,48,57,55,8,13,9,13,7,3,0,0,0,7,1,19,J. Brand
261782,76,3,2,70.0,30.0,65.0,67.0,78.0,74.0,53,26,78,77,21,63,27,34,73,69,67,72,68,74,73,38,70,77,72,28,76,78,36,68,36,72,77,79,77,8,13,9,10,9,2,1,2,2,1,4,4,J. Biesmans
261829,76,3,2,64.0,36.0,45.0,45.0,77.0,72.0,29,42,75,70,27,21,27,28,45,65,60,67,54,76,76,40,70,63,74,25,77,77,15,25,35,57,78,78,77,13,15,12,8,12,1,1,2,2,1,4,14,Carole Costa
261831,76,3,3,77.0,42.0,55.0,58.0,75.0,69.0,72,44,74,68,35,48,40,33,45,65,78,77,60,73,80,43,54,75,74,40,54,74,48,32,34,57,69,80,77,12,11,9,9,14,3,1,0,2,9,3,17,Ana Borges
226912,75,4,4,87.0,74.0,66.0,74.0,33.0,67.0,61,74,72,70,72,73,69,74,62,75,86,87,76,72,71,75,83,74,61,70,70,26,75,62,77,72,32,27,25,9,15,8,9,6,1,1,0,2,12,3,9,Yang Li
226923,75,4,3,83.0,67.0,73.0,74.0,70.0,70.0,76,61,73,75,68,73,80,77,65,74,85,82,80,75,79,74,53,73,72,70,66,68,75,70,70,74,70,71,70,17,14,11,15,15,3,1,0,2,9,3,8,Han Peng
227404,75,3,2,74.0,35.0,67.0,64.0,75.0,78.0,61,26,69,72,54,60,70,41,70,69,76,73,58,75,65,47,73,74,81,28,77,75,65,68,53,64,74,80,73,13,11,8,14,16,3,1,2,2,1,1,2,Quinn
227780,75,3,2,61.0,45.0,56.0,48.0,76.0,74.0,46,40,74,75,32,20,65,30,63,70,57,65,64,74,79,57,73,76,74,50,74,75,24,31,62,70,80,74,73,13,13,14,13,12,1,1,0,2,1,3,4,Ivana Andrés
227925,75,2,1,0.0,0.0,0.0,0.0,0.0,0.0,15,20,20,24,20,19,15,13,18,25,51,43,41,64,65,52,58,45,59,15,17,20,18,50,27,53,20,12,16,78,71,69,75,79,1,1,2,2,5,4,18,M. Arnold
228800,75,2,1,0.0,0.0,0.0,0.0,0.0,0.0,14,18,14,26,14,12,21,13,16,15,39,32,40,56,58,55,84,22,82,11,24,18,16,31,22,28,30,18,20,78,75,73,76,77,1,1,2,2,5,6,18,E. Alvarado
228840,75,4,3,60.0,67.0,74.0,75.0,64.0,72.0,75,74,60,79,48,76,44,53,78,79,62,59,61,72,78,66,70,81,75,57,54,66,68,73,59,70,64,64,63,14,12,11,9,17,2,1,2,2,10,0,0,Pang Fengyue
231637,75,4,3,80.0,68.0,69.0,75.0,41.0,60.0,65,73,60,73,55,76,50,61,67,75,84,77,75,74,76,62,71,79,53,65,51,42,78,76,70,58,36,40,35,11,15,16,7,13,3,1,2,2,0,3,19,C. Logarzo
233153,75,4,2,58.0,29.0,52.0,49.0,77.0,72.0,40,21,76,70,25,26,24,33,64,70,61,56,57,76,68,47,71,67,73,27,76,75,28,37,44,64,81,75,77,12,10,14,14,13,1,1,1,2,1,3,14,Andrea Pereira
233244,75,3,3,62.0,81.0,57.0,74.0,26.0,58.0,45,87,77,78,76,78,49,48,51,77,63,61,60,60,80,78,75,63,64,79,32,17,69,42,62,60,24,20,21,10,6,13,9,11,2,1,0,2,12,3,3,Esther González
233323,75,3,3,71.0,77.0,52.0,73.0,28.0,71.0,37,82,71,67,70,76,65,34,45,74,71,71,59,76,83,77,66,75,72,70,64,24,77,46,68,57,24,23,17,15,13,12,12,14,2,1,2,2,12,4,3,L. Utland
233351,75,3,2,66.0,32.0,59.0,62.0,77.0,75.0,57,29,71,70,23,60,24,43,65,65,62,70,53,73,70,37,72,74,77,36,72,78,24,49,48,66,77,77,76,7,15,14,13,13,2,1,2,2,1,4,4,M. Moore
233352,75,3,4,70.0,70.0,72.0,78.0,60.0,67.0,59,72,61,80,47,80,51,54,77,76,74,66,76,75,82,70,67,70,70,74,58,66,67,79,57,74,60,57,51,16,16,17,7,16,3,1,0,0,4,3,0,A. Longo
233861,75,4,3,65.0,76.0,75.0,73.0,37.0,66.0,73,79,56,75,69,73,83,75,76,77,66,64,65,74,77,76,62,75,66,77,55,35,78,74,58,68,37,33,32,10,15,12,5,11,2,1,0,2,0,3,5,I. Kaagman
235962,75,3,3,92.0,69.0,65.0,77.0,21.0,64.0,61,71,66,71,57,77,60,32,64,72,93,91,83,74,95,70,68,75,70,66,34,20,77,68,63,70,14,15,17,9,7,17,8,14,2,1,0,1,10,3,16,N. Prince
239761,75,3,3,77.0,67.0,72.0,80.0,55.0,59.0,69,72,48,78,47,83,47,44,75,82,79,76,75,66,80,60,60,73,49,74,67,57,70,77,45,67,43,64,62,13,17,15,9,17,3,1,0,2,4,4,19,F. Maanum
240720,75,3,3,76.0,75.0,67.0,76.0,58.0,71.0,67,76,67,74,70,78,62,54,57,75,74,77,72,76,78,78,66,76,72,73,64,59,77,69,59,75,60,53,58,16,12,13,15,16,2,1,0,2,11,5,19,R. Jansen
241547,75,2,1,0.0,0.0,0.0,0.0,0.0,0.0,15,11,13,24,7,14,15,12,22,20,28,31,35,60,46,57,64,30,74,9,28,11,6,41,15,31,12,12,15,75,76,76,73,77,1,1,2,2,5,5,6,S. Durand
242796,75,3,3,71.0,80.0,60.0,77.0,30.0,56.0,57,85,73,71,75,80,41,43,64,77,70,72,65,72,78,76,66,69,58,77,33,17,73,50,69,70,42,17,16,16,13,16,11,8,3,1,0,1,12,3,16,Lucía García
244059,75,3,3,78.0,75.0,62.0,72.0,27.0,65.0,43,82,72,72,71,73,57,49,56,73,76,80,65,75,67,68,69,82,64,67,44,19,79,70,71,71,25,20,24,9,11,16,15,10,1,1,2,1,12,4,16,K. Snoeijs
245185,75,3,1,0.0,0.0,0.0,0.0,0.0,0.0,15,7,11,28,8,11,15,12,25,9,25,24,48,62,59,59,62,35,44,6,17,8,8,23,17,25,5,12,10,69,80,79,72,79,1,0,2,2,5,0,6,Iris Vieirinha
245198,75,2,2,71.0,37.0,58.0,55.0,76.0,67.0,75,31,67,64,15,50,28,45,50,59,72,70,58,70,69,40,61,75,70,45,51,72,55,45,46,41,78,80,79,11,13,13,8,6,3,1,2,2,9,3,17,Jandinha Kenedy
245877,75,3,3,69.0,41.0,58.0,55.0,75.0,73.0,71,26,71,69,28,42,40,55,44,68,70,68,52,74,73,62,68,80,72,53,70,79,42,40,63,59,74,75,73,10,13,8,6,7,2,1,0,2,9,6,17,S. Howard
245884,75,3,4,76.0,72.0,68.0,76.0,33.0,68.0,73,72,65,71,44,78,48,50,67,78,78,75,63,76,80,72,59,78,75,80,41,20,72,70,62,65,32,33,32,6,7,7,10,13,3,1,2,2,7,3,16,F. Brown
245889,75,3,3,81.0,34.0,58.0,63.0,73.0,57.0,74,25,68,70,18,52,32,44,45,72,83,80,70,74,80,68,59,69,50,18,59,73,44,42,51,57,75,73,72,15,11,13,13,9,2,1,2,2,9,3,17,K. Smith
246286,75,3,4,75.0,77.0,65.0,74.0,21.0,56.0,60,82,78,75,69,75,52,70,63,77,75,75,70,70,76,70,65,63,60,74,35,18,75,55,80,58,12,15,18,7,14,13,13,7,1,1,2,2,12,3,16,Nahikari
247462,75,3,3,80.0,77.0,53.0,75.0,45.0,60.0,43,80,72,61,66,75,34,30,56,77,81,79,67,70,85,81,65,66,58,70,55,40,80,59,65,70,35,48,50,7,11,9,8,15,2,1,2,2,12,3,19,M. Janogy
247513,75,3,2,59.0,51.0,50.0,43.0,75.0,81.0,25,64,76,70,25,24,29,35,70,58,58,60,46,74,74,58,76,76,85,32,79,75,28,32,38,56,74,76,73,8,10,9,14,12,1,1,2,2,1,5,14,V. Gilles
253436,75,4,3,72.0,35.0,54.0,62.0,74.0,58.0,75,35,66,64,18,54,35,40,39,64,73,72,75,75,79,48,58,69,53,22,55,77,52,37,42,59,74,73,77,13,8,15,14,5,3,1,0,2,6,3,17,Ona Batlle
257001,75,3,3,75.0,73.0,72.0,77.0,48.0,52.0,72,77,64,74,65,80,71,67,70,75,74,76,81,70,82,71,59,59,54,67,35,51,75,70,71,64,49,43,38,10,8,14,6,12,2,1,2,2,10,3,19,C. Kelly
257008,75,2,3,82.0,66.0,73.0,73.0,54.0,61.0,80,70,42,74,64,71,70,63,72,74,80,84,72,71,83,63,58,74,58,59,51,57,68,67,65,70,54,57,49,7,6,11,12,8,2,0,2,0,7,3,19,L. Hemp
259485,75,3,3,67.0,64.0,66.0,72.0,66.0,61.0,44,73,48,76,20,74,38,42,75,75,68,66,60,75,71,50,57,64,60,72,60,77,75,76,40,56,59,76,52,14,9,15,13,13,3,1,2,2,4,3,11,Yao Lingwei
261783,75,3,3,74.0,46.0,67.0,62.0,75.0,72.0,71,31,64,68,23,57,65,68,62,62,72,75,73,70,76,68,73,77,67,61,78,76,62,64,31,65,77,77,75,9,9,6,11,10,1,1,2,2,9,3,2,L. Deloose
261790,75,3,3,74.0,57.0,70.0,70.0,73.0,53.0,72,56,48,74,45,66,59,62,71,70,77,72,82,74,84,57,75,76,32,61,71,75,56,63,54,70,76,76,74,13,7,9,14,12,1,0,2,2,6,3,11,D. Philtjens
261830,75,3,3,65.0,50.0,72.0,54.0,74.0,65.0,68,45,61,75,34,42,70,63,74,65,64,65,54,78,79,62,64,68,60,55,75,79,58,74,43,56,75,74,77,15,6,14,11,13,2,1,2,2,2,3,2,Dolores Silva
261832,75,3,2,63.0,25.0,46.0,45.0,76.0,74.0,31,21,76,77,27,22,20,32,42,64,56,68,54,73,72,37,69,75,74,18,75,74,22,21,40,56,76,77,79,13,10,13,6,11,1,1,1,2,1,1,14,Sílvia Rebelo
262330,75,3,3,82.0,75.0,68.0,77.0,46.0,71.0,66,74,74,72,69,77,68,64,63,78,83,82,73,70,89,72,62,84,67,79,67,47,81,68,80,71,44,41,38,12,7,14,7,13,1,1,0,2,12,3,9,C. Macario
263964,75,3,2,69.0,62.0,75.0,72.0,70.0,63.0,67,65,58,82,52,74,65,68,78,76,68,70,59,80,62,58,67,72,55,62,69,78,65,72,54,57,72,68,67,10,8,11,14,5,1,1,2,2,4,3,0,F. Angeldahl
227003,74,3,3,69.0,77.0,73.0,73.0,32.0,74.0,74,77,77,78,72,75,69,54,75,76,68,70,66,75,51,78,55,74,86,76,50,18,78,65,71,63,45,19,17,9,10,8,8,16,2,1,2,2,8,4,16,L. Hurtig
227116,74,4,4,78.0,75.0,58.0,75.0,42.0,70.0,45,78,65,58,72,72,60,74,47,76,79,77,80,80,72,70,69,78,67,71,66,57,81,74,74,81,42,32,21,8,9,9,12,13,2,1,2,1,12,3,9,K. Simon
227397,74,3,3,80.0,75.0,67.0,74.0,25.0,59.0,71,77,59,70,68,75,49,45,63,73,80,80,75,68,78,75,68,68,62,73,38,26,77,71,69,72,16,23,21,8,11,17,15,12,2,1,2,2,8,5,16,A. Leon
228585,74,3,2,69.0,44.0,63.0,64.0,70.0,80.0,53,39,62,74,40,59,44,36,70,68,71,67,66,71,73,54,70,85,80,42,78,75,58,61,47,69,68,72,72,17,16,16,14,11,2,1,2,0,2,3,2,C. Bilbault
233330,74,2,2,80.0,32.0,61.0,70.0,75.0,74.0,49,25,78,76,31,71,25,26,69,71,81,79,54,72,85,41,69,79,78,38,59,69,28,60,38,72,75,79,76,7,15,13,9,14,2,0,2,2,1,4,4,M. Thorisdottir
233862,74,2,1,0.0,0.0,0.0,0.0,0.0,0.0,14,15,14,21,11,16,14,10,20,32,22,29,29,72,48,59,62,25,58,12,23,11,12,58,16,40,11,11,11,70,75,78,75,72,1,1,2,2,5,3,6,L. Geurts
243769,74,2,3,87.0,48.0,70.0,75.0,50.0,55.0,72,48,40,74,42,76,62,39,76,78,90,85,74,70,76,54,53,64,53,38,50,47,65,64,43,54,56,50,44,8,10,14,14,14,2,1,0,2,10,3,19,M. Purce
245183,74,3,2,59.0,37.0,58.0,53.0,74.0,73.0,42,34,45,77,18,38,25,48,73,66,58,59,60,73,78,45,65,69,75,41,77,75,28,42,50,41,76,78,80,13,11,6,10,10,2,0,2,2,2,3,14,Kla Elisinha
245191,74,3,2,61.0,31.0,65.0,48.0,72.0,75.0,50,21,65,76,21,28,23,43,72,67,60,62,52,77,78,50,65,75,78,28,72,69,46,70,48,42,65,79,80,10,11,5,11,8,2,1,2,2,2,5,14,Giovanny Bia
245201,74,3,4,66.0,71.0,76.0,77.0,52.0,58.0,80,68,38,76,67,81,83,73,67,76,68,65,59,80,84,75,54,64,52,73,67,75,73,76,76,81,73,27,36,5,11,13,6,14,2,0,0,1,0,3,5,Magi Bardini
245880,74,3,4,74.0,74.0,64.0,75.0,23.0,56.0,68,75,73,71,69,74,57,50,55,76,73,75,63,80,86,74,70,71,59,72,28,12,80,62,74,78,14,23,21,15,13,12,15,14,3,1,2,2,12,0,16,J. Ross
245885,74,3,3,82.0,72.0,58.0,73.0,19.0,67.0,72,74,72,63,66,73,68,52,48,77,80,83,60,73,70,70,78,75,79,69,25,12,77,44,76,68,14,13,10,8,11,10,13,8,2,1,2,2,12,4,16,L. Clelland
245886,74,3,3,65.0,69.0,72.0,72.0,78.0,57.0,64,73,71,77,39,72,73,58,76,76,64,65,61,78,84,70,57,62,50,71,69,77,68,72,56,56,75,83,80,15,15,7,7,11,3,1,2,2,4,3,0,C. Murray
245888,74,3,3,66.0,68.0,69.0,73.0,70.0,62.0,56,72,70,80,40,75,37,43,75,76,65,66,60,77,80,69,57,60,62,70,68,76,69,72,55,55,60,75,69,12,6,7,10,10,3,1,2,2,4,3,11,J. Love
245891,74,3,3,77.0,57.0,63.0,69.0,72.0,64.0,73,57,68,70,22,67,33,42,46,73,76,77,68,71,75,65,68,70,65,56,55,72,62,65,50,58,72,74,72,7,10,14,13,11,2,0,0,2,6,3,11,H. Lauder
246178,74,2,1,0.0,0.0,0.0,0.0,0.0,0.0,12,8,11,21,6,11,13,15,17,18,23,21,37,66,44,51,48,26,32,7,24,19,5,26,12,31,9,14,15,74,69,68,74,78,1,0,2,2,5,1,6,P. Peyraud-Magnin
246774,74,3,3,72.0,77.0,61.0,72.0,17.0,57.0,65,80,71,69,73,74,50,59,57,75,70,73,67,71,72,77,70,64,62,75,31,11,71,50,74,54,10,11,10,10,13,6,9,7,2,1,0,2,12,3,16,Alba Redondo
253417,74,3,2,73.0,52.0,69.0,68.0,71.0,72.0,78,44,55,70,50,67,62,47,70,68,74,72,72,70,66,65,62,76,69,54,76,74,69,66,42,74,72,72,74,7,10,13,15,11,1,1,0,0,9,4,2,L. Wilms
253437,74,3,4,68.0,67.0,72.0,73.0,26.0,52.0,79,71,59,74,58,76,56,52,72,75,70,67,56,70,82,64,49,62,55,64,34,24,75,70,59,54,22,20,22,15,6,5,15,11,2,1,2,2,10,3,13,Marta Cardona
257530,74,4,2,69.0,33.0,46.0,65.0,75.0,72.0,35,24,72,64,31,63,33,30,38,61,63,73,68,76,78,58,84,62,74,30,75,73,31,37,36,68,74,77,74,10,6,9,9,13,1,1,2,2,1,3,14,S. Kleinherne
258789,74,3,1,0.0,0.0,0.0,0.0,0.0,0.0,10,9,12,33,6,11,11,12,24,12,29,16,56,73,44,54,56,16,36,9,18,13,6,27,10,34,8,23,22,75,74,72,71,73,1,0,2,2,5,4,6,Misa
261093,74,2,2,65.0,79.0,53.0,69.0,32.0,65.0,33,85,71,65,75,70,69,40,60,71,66,65,58,65,74,80,76,72,63,70,59,27,80,47,67,65,26,29,28,11,14,14,7,7,1,0,2,2,12,3,3,A. Cervantes
261784,74,3,3,75.0,61.0,67.0,76.0,70.0,73.0,58,58,53,74,48,73,43,46,71,78,76,74,78,74,86,68,75,83,68,64,74,73,70,73,49,73,68,75,71,9,14,13,12,7,2,1,2,2,4,3,11,K. Missipo
261852,74,3,4,74.0,73.0,54.0,72.0,19.0,54.0,28,73,75,74,73,74,65,50,34,76,73,75,61,72,69,74,62,61,60,71,30,11,77,57,74,60,12,15,12,9,10,10,7,10,1,0,2,2,12,0,3,Jéssica Silva
227369,73,3,3,79.0,74.0,50.0,73.0,24.0,63.0,37,77,75,55,72,73,79,35,40,71,76,81,73,68,78,75,86,76,57,71,54,16,81,60,59,76,22,16,17,10,15,16,8,9,1,1,2,2,12,1,3,S. Jensen
228724,73,3,3,83.0,66.0,71.0,73.0,42.0,54.0,75,69,44,73,60,75,67,61,69,72,82,83,82,63,73,71,64,77,43,56,52,45,62,68,71,61,40,39,45,12,15,8,8,7,1,0,0,2,7,3,19,M. Sánchez
233349,73,3,3,76.0,71.0,72.0,74.0,29.0,61.0,78,73,72,71,70,75,64,61,73,75,77,76,75,74,70,70,76,64,69,72,33,20,72,74,59,68,26,25,28,14,12,7,9,7,3,1,0,2,12,3,16,R. White
233759,73,3,2,69.0,43.0,55.0,57.0,75.0,75.0,49,36,72,62,34,48,42,41,72,67,60,76,57,69,50,54,69,75,76,50,74,72,39,44,37,66,77,75,76,9,10,15,14,14,1,1,2,2,1,0,4,D. Kerkdijk
238280,73,3,1,0.0,0.0,0.0,0.0,0.0,0.0,12,11,12,30,8,16,14,12,23,13,37,23,50,64,48,55,50,37,50,8,18,12,10,36,15,54,11,15,13,75,67,73,72,77,1,1,2,2,5,3,6,V. Esson
239759,73,2,2,71.0,30.0,58.0,56.0,70.0,65.0,75,31,61,67,25,51,27,33,69,58,73,70,57,72,66,27,64,79,57,28,70,75,44,32,33,67,67,73,69,8,12,13,15,9,2,1,2,2,6,1,17,K. Leine
241526,73,4,3,86.0,66.0,67.0,70.0,40.0,59.0,71,67,32,70,44,71,50,47,66,70,85,86,72,64,75,59,34,76,56,74,50,14,71,66,64,64,63,37,35,12,13,12,12,15,2,1,0,0,10,0,13,O. Chance
245187,73,3,3,66.0,51.0,64.0,69.0,71.0,77.0,75,54,63,67,52,71,69,44,52,69,68,65,54,67,76,58,68,82,78,35,72,68,59,59,45,69,72,74,73,14,5,8,10,6,1,0,2,2,6,3,2,Rafaelly Paraná
245881,73,4,3,76.0,75.0,44.0,74.0,22.0,55.0,32,79,70,45,64,74,55,52,30,76,75,77,60,78,76,74,70,76,55,68,24,12,77,62,75,74,15,18,22,14,13,7,12,9,2,1,2,2,12,0,3,L. Arnot
245883,73,3,3,65.0,67.0,67.0,70.0,69.0,60.0,47,70,69,77,48,69,33,40,76,75,62,68,55,76,80,73,58,68,55,64,62,64,68,78,51,55,69,73,71,10,8,5,8,6,2,1,2,2,4,0,11,C. Arthur
245890,73,3,3,61.0,70.0,71.0,71.0,69.0,56.0,60,73,60,78,45,71,39,50,76,75,60,61,64,73,82,73,56,59,54,72,59,70,60,78,59,54,64,78,65,7,6,12,14,8,1,1,2,2,4,3,11,L. Crichton
246177,73,2,3,85.0,64.0,68.0,76.0,20.0,38.0,74,69,29,74,62,78,64,35,55,74,86,85,81,56,94,53,46,56,29,61,35,14,68,69,64,64,10,30,24,8,11,8,13,11,2,1,0,1,11,0,13,E. Laurent
246967,73,3,3,70.0,52.0,58.0,68.0,71.0,65.0,71,54,67,71,26,65,31,32,52,72,71,69,70,69,72,56,71,68,69,50,51,70,68,42,44,62,72,72,73,6,14,10,9,6,1,0,2,2,6,4,17,N. Docherty
247437,73,3,3,68.0,72.0,74.0,73.0,34.0,41.0,74,72,71,77,66,73,63,74,76,74,69,68,76,65,77,74,72,70,26,71,34,32,70,72,66,59,21,37,33,10,6,9,12,6,3,1,0,1,10,0,13,D. Espinosa
247512,73,3,4,81.0,74.0,53.0,75.0,24.0,53.0,42,79,64,59,66,74,60,59,34,73,81,81,83,74,78,71,64,52,65,67,22,23,80,64,70,72,22,15,18,6,12,11,7,10,3,1,2,2,12,1,3,J. Huitema
247747,73,3,3,73.0,70.0,71.0,71.0,55.0,62.0,73,75,57,74,42,73,45,48,72,74,72,73,64,71,71,64,69,73,62,71,44,70,74,74,66,55,32,73,42,13,7,13,9,13,2,1,2,2,4,3,19,Yao Wei
253435,73,4,2,68.0,28.0,55.0,48.0,74.0,72.0,65,25,74,70,22,32,33,42,51,60,55,78,64,68,70,38,75,67,74,24,71,72,22,31,38,53,66,81,78,8,13,11,11,10,3,0,1,0,1,0,14,Laia Aleixandri
256095,73,2,2,81.0,34.0,64.0,62.0,69.0,58.0,75,32,63,75,28,56,31,29,63,69,79,83,61,68,82,37,62,64,54,31,60,70,49,50,41,54,69,70,66,5,8,13,10,9,1,0,2,2,6,3,17,P. Morroni
260768,73,2,2,73.0,46.0,62.0,62.0,70.0,60.0,69,44,59,71,39,55,61,65,63,65,73,73,75,70,83,47,65,78,54,48,50,71,48,39,55,59,72,71,70,11,14,10,9,12,1,0,0,2,6,3,17,J. López
261514,73,5,2,81.0,77.0,50.0,72.0,19.0,60.0,44,78,49,60,72,73,48,29,34,69,83,79,76,74,78,78,68,50,75,75,32,14,79,58,72,64,19,13,12,6,9,13,11,10,1,1,0,1,12,4,3,É. Viens
261786,73,4,3,64.0,66.0,69.0,67.0,71.0,72.0,61,64,67,73,55,67,61,63,71,72,58,68,57,70,61,70,59,78,72,69,67,71,65,71,61,63,72,73,68,8,8,10,9,10,2,1,2,2,2,2,0,J. Vanhaevermaet
261788,73,3,2,71.0,45.0,66.0,60.0,74.0,71.0,68,33,74,72,33,53,65,73,73,63,68,73,71,69,72,68,71,68,70,58,75,72,31,47,36,68,73,77,75,13,10,9,10,10,1,0,2,2,1,3,2,L. De Neve
261791,73,3,3,63.0,68.0,72.0,68.0,62.0,70.0,55,68,57,79,48,68,72,74,77,71,60,65,59,74,62,71,63,72,73,73,63,69,68,72,63,69,54,69,55,9,6,8,8,13,2,1,0,2,4,1,0,M. Minnaert
261801,73,3,3,60.0,54.0,71.0,71.0,70.0,68.0,63,49,52,79,48,71,59,55,78,76,56,63,55,70,76,60,60,72,65,57,71,71,65,68,48,69,66,77,75,10,14,13,8,11,3,1,2,2,4,3,11,L. Onzia
261834,73,3,1,0.0,0.0,0.0,0.0,0.0,0.0,12,9,14,16,7,6,14,13,26,12,25,24,30,70,28,57,35,23,40,7,25,15,11,58,16,50,21,11,12,74,70,76,71,75,1,1,2,2,5,1,6,Patrícia Morais
261842,73,3,3,78.0,79.0,55.0,74.0,18.0,58.0,43,82,68,64,77,75,73,60,45,76,79,77,72,60,75,79,76,69,67,78,15,10,68,55,73,75,12,14,12,6,13,5,8,14,1,1,2,2,12,4,3,Carolina Mendes
263011,73,3,2,80.0,70.0,69.0,73.0,49.0,64.0,72,68,60,68,63,76,70,48,65,70,79,81,67,77,74,70,61,78,68,72,38,63,76,74,71,72,43,45,42,7,11,8,9,8,2,1,0,2,11,3,19,E. Toone
263966,73,3,2,75.0,68.0,75.0,72.0,57.0,57.0,75,67,48,77,67,71,67,70,76,73,76,74,84,68,62,70,53,60,53,71,66,64,73,75,58,72,60,52,55,14,5,10,6,12,1,1,2,2,0,0,19,H. Bennison
226927,72,3,2,67.0,43.0,56.0,61.0,73.0,72.0,68,35,75,69,35,52,47,30,51,71,64,70,71,70,56,54,71,68,72,46,77,73,50,36,52,58,74,73,68,7,8,13,8,9,3,1,0,2,1,3,17,Li Jiayue
227286,72,3,3,69.0,64.0,66.0,74.0,57.0,85.0,77,66,74,76,47,72,44,48,71,76,68,70,71,82,74,69,79,88,87,62,80,62,70,46,49,69,42,62,64,10,16,12,16,13,2,1,0,2,12,4,11,E. Thorsnes
227454,72,3,3,76.0,61.0,74.0,74.0,38.0,61.0,74,52,34,75,50,74,69,72,74,75,77,75,80,68,74,72,79,45,73,65,47,33,71,75,76,62,48,34,33,15,11,14,8,13,2,0,2,2,7,3,5,C. Jaramillo
232618,72,2,1,0.0,0.0,0.0,0.0,0.0,0.0,16,17,15,16,17,13,14,15,24,12,26,27,22,71,50,53,65,17,37,19,26,28,14,64,14,61,25,14,15,72,70,71,70,72,1,1,2,2,5,4,6,Bi Xiaolin
233200,72,3,3,78.0,68.0,65.0,74.0,26.0,68.0,79,73,70,66,54,73,64,74,53,78,77,78,74,65,77,69,69,74,71,57,51,21,76,57,70,68,29,16,15,13,9,17,15,15,3,1,2,2,11,6,16,E. Gielnik
233322,72,3,3,64.0,61.0,60.0,67.0,70.0,57.0,74,61,75,73,61,65,35,30,52,71,63,65,58,72,72,62,73,61,63,58,32,68,62,45,62,63,69,71,71,7,11,8,9,15,2,1,2,2,9,4,11,S. Hansen
233339,72,3,3,73.0,64.0,65.0,68.0,71.0,69.0,70,66,68,70,24,66,60,57,68,64,77,70,82,74,75,72,61,75,67,66,70,73,55,53,51,63,74,68,66,11,13,8,13,8,2,0,2,2,6,3,11,A. Green
233353,72,3,4,69.0,73.0,58.0,72.0,23.0,62.0,58,76,75,55,70,73,60,57,60,71,70,69,69,76,64,73,66,60,73,70,37,24,73,61,70,75,15,16,17,15,13,14,13,16,3,1,2,2,12,1,16,H. Wilkinson
233354,72,3,3,62.0,57.0,64.0,70.0,70.0,70.0,81,55,65,68,20,72,34,50,48,73,64,61,59,69,72,60,71,76,75,72,48,70,56,61,49,63,71,70,69,14,10,9,14,9,3,1,2,2,6,3,11,C. Bott
237674,72,3,2,74.0,65.0,63.0,66.0,70.0,72.0,68,66,69,71,56,66,50,41,63,62,73,74,70,74,73,68,71,71,75,61,66,69,70,53,71,69,72,70,69,16,15,8,7,7,1,1,2,0,9,4,11,L. Agnew
238096,72,3,2,91.0,64.0,64.0,71.0,32.0,67.0,66,69,44,69,40,72,55,42,62,74,90,91,68,64,70,68,70,55,78,54,54,23,68,62,69,60,34,34,27,8,7,10,8,7,2,1,0,2,7,3,13,D. Rose
239124,72,3,2,65.0,26.0,45.0,49.0,75.0,75.0,33,19,73,63,34,33,30,31,44,59,61,69,60,69,79,40,78,78,74,20,71,73,24,33,42,68,79,73,71,13,17,11,8,10,1,1,2,0,1,4,14,S. Woeller
241224,72,3,3,74.0,41.0,62.0,66.0,71.0,63.0,68,32,63,68,40,63,51,59,67,66,77,72,72,69,87,55,66,66,67,46,50,73,44,45,46,63,67,76,72,13,16,8,7,9,2,0,2,0,6,3,17,R. Bernal
244058,72,2,1,0.0,0.0,0.0,0.0,0.0,0.0,12,8,16,23,7,10,14,12,18,18,27,34,39,71,51,53,60,30,32,9,25,11,10,25,13,32,15,14,15,73,62,71,75,74,1,1,2,2,5,6,6,L. Kop
244064,72,3,3,73.0,67.0,67.0,76.0,35.0,55.0,70,68,45,69,67,77,61,61,64,75,75,72,76,73,85,64,57,74,52,68,40,31,76,65,66,71,37,32,40,12,17,7,14,16,2,1,0,2,0,5,13,V. Pelova
245184,72,3,1,0.0,0.0,0.0,0.0,0.0,0.0,12,10,12,25,20,19,12,14,29,18,19,28,25,70,42,53,64,17,31,12,22,18,10,29,18,22,15,10,14,68,72,70,78,69,1,1,2,2,5,6,6,Licinha Bardini
247535,72,3,3,75.0,68.0,67.0,72.0,24.0,52.0,66,70,47,71,68,73,66,52,64,72,71,78,68,73,79,69,63,69,50,62,33,21,72,68,61,57,21,20,29,6,6,13,13,13,2,1,0,2,10,0,13,A. Eikeland
248790,72,3,3,63.0,38.0,64.0,55.0,69.0,69.0,46,34,54,76,35,42,43,42,74,69,64,62,57,72,68,45,70,64,73,34,65,70,45,65,48,52,73,70,66,7,8,14,11,6,2,1,2,2,2,3,17,J. Roddar
261092,72,3,3,73.0,76.0,58.0,74.0,25.0,45.0,52,83,70,67,60,77,58,59,55,73,70,75,69,63,73,71,73,76,26,69,48,19,80,51,66,68,22,21,14,12,6,11,12,12,2,1,0,1,12,0,3,A. González
261787,72,3,1,0.0,0.0,0.0,0.0,0.0,0.0,15,7,11,20,7,8,14,11,17,13,26,28,35,71,36,50,67,18,73,6,25,7,7,25,11,35,8,11,13,68,70,67,73,76,1,1,2,2,5,6,6,J. Odeurs
261794,72,3,1,0.0,0.0,0.0,0.0,0.0,0.0,11,8,12,18,9,14,11,12,28,16,16,19,33,71,44,55,59,18,31,9,27,10,7,36,17,32,5,13,11,70,75,73,69,70,1,1,2,2,5,4,6,N. Evrard
261795,72,4,4,77.0,67.0,69.0,73.0,23.0,48.0,74,71,34,69,58,74,64,62,64,72,81,73,76,68,83,62,71,56,50,67,26,16,67,69,66,68,19,27,23,14,9,15,15,8,2,0,2,0,8,5,13,D. Vanmechelen
261798,72,3,3,73.0,70.0,71.0,73.0,64.0,66.0,67,70,64,74,63,72,65,66,72,74,71,75,74,70,74,72,68,76,59,71,68,66,71,72,68,70,62,66,59,7,9,15,7,7,3,1,2,2,4,3,0,C. Vande Velde
261835,72,3,3,62.0,51.0,68.0,67.0,65.0,58.0,44,50,50,79,45,66,46,44,77,69,61,63,60,74,78,50,53,68,59,52,45,69,78,75,45,62,60,76,55,9,6,8,12,12,1,1,2,2,4,3,11,Tatiana Pinto
261837,72,3,3,77.0,78.0,64.0,72.0,18.0,60.0,75,82,67,65,71,71,70,68,48,70,75,78,77,64,82,76,68,65,69,73,28,14,70,62,77,74,12,11,12,13,12,9,6,9,2,0,2,2,12,3,16,Diana Silva
261838,72,3,3,67.0,59.0,69.0,64.0,59.0,64.0,60,63,50,76,43,64,47,43,78,66,70,65,51,73,79,51,57,73,64,61,55,68,75,73,53,53,45,73,52,14,10,10,9,13,3,1,2,2,4,5,11,Andreia Norton
261841,72,3,3,61.0,48.0,72.0,67.0,59.0,66.0,68,48,43,79,26,67,42,40,78,69,59,62,60,69,74,50,68,69,68,46,59,70,73,76,43,55,42,75,58,12,8,13,14,13,2,0,2,2,4,3,11,Fátima Pinto
262866,72,3,2,72.0,71.0,73.0,72.0,39.0,45.0,72,74,47,76,67,71,72,68,73,72,74,71,79,60,84,71,54,59,34,68,51,27,68,72,66,70,33,48,46,13,10,12,9,5,1,1,0,2,0,0,13,K. Cooney-Cross
264011,72,3,2,77.0,41.0,55.0,68.0,72.0,75.0,41,28,68,70,46,64,45,36,68,76,78,76,62,68,73,60,68,76,78,42,66,71,43,38,62,69,69,76,73,7,15,15,13,6,1,1,1,0,1,1,4,A. Cook
226964,71,2,3,72.0,69.0,62.0,70.0,70.0,63.0,38,77,61,74,42,71,49,54,72,76,70,73,56,70,74,60,70,74,57,70,60,68,64,65,61,54,72,75,60,8,10,16,15,12,2,1,2,0,4,3,11,Song Duan
227486,71,3,2,77.0,58.0,61.0,65.0,69.0,74.0,46,48,51,68,42,61,71,36,70,69,79,76,73,70,56,76,58,74,77,69,71,76,61,63,50,68,72,68,66,9,16,16,10,10,2,1,2,2,2,1,11,N. Antonio
233348,71,3,3,77.0,69.0,69.0,72.0,38.0,57.0,75,70,51,71,54,76,56,60,68,67,80,74,71,73,73,66,61,71,58,75,38,37,68,67,56,68,37,34,40,13,7,14,7,17,3,0,2,2,0,3,13,B. Hassett
239756,71,2,2,68.0,28.0,38.0,45.0,76.0,61.0,30,25,67,52,31,31,31,29,31,55,65,70,48,67,60,35,71,62,61,24,59,74,29,32,36,72,77,79,81,13,12,7,10,11,1,1,2,0,1,3,14,T. Hansen
241565,71,4,3,81.0,66.0,67.0,71.0,31.0,52.0,67,67,40,67,59,70,68,58,64,67,83,79,78,76,81,66,60,63,52,68,36,30,68,69,59,73,36,27,25,12,10,11,15,11,3,1,0,1,8,3,13,K. Rood
242025,71,3,3,76.0,62.0,68.0,70.0,38.0,56.0,68,69,38,74,40,72,53,60,63,67,79,74,70,69,72,45,54,53,52,65,68,49,72,69,63,71,35,37,31,13,15,14,14,14,2,0,2,1,7,5,13,M. Kelly
245892,71,2,1,0.0,0.0,0.0,0.0,0.0,0.0,11,10,13,28,6,7,15,16,17,11,25,28,40,70,60,53,61,32,30,9,22,12,7,69,17,31,11,15,11,67,71,70,66,76,1,0,2,2,5,1,6,J. Fife
246235,71,3,3,75.0,60.0,72.0,72.0,40.0,52.0,68,56,31,75,53,70,64,62,73,71,78,73,82,69,81,66,35,68,49,62,43,33,69,73,61,70,41,45,46,5,8,10,9,8,1,1,2,2,0,3,13,L. Staniforth
250773,71,3,3,63.0,31.0,64.0,60.0,70.0,62.0,70,24,70,72,23,52,31,40,68,70,62,64,54,70,72,48,56,71,56,26,65,71,37,56,42,56,70,68,71,8,8,7,9,12,2,1,2,2,9,3,17,Luo Guiping
253469,71,2,2,61.0,23.0,53.0,57.0,74.0,62.0,27,15,71,77,21,46,20,23,70,70,64,58,42,70,87,39,65,61,60,22,68,74,30,42,32,56,75,74,73,13,9,11,9,9,2,1,2,0,1,1,14,É. De Almeida
254564,71,3,1,0.0,0.0,0.0,0.0,0.0,0.0,12,6,13,23,6,10,12,13,20,17,31,26,21,38,43,53,56,28,37,6,18,14,4,69,11,35,5,14,13,73,74,70,75,75,1,1,2,2,5,1,6,I. González
261833,71,3,3,74.0,40.0,60.0,60.0,70.0,64.0,72,30,64,68,22,58,64,68,41,60,73,75,62,65,78,52,65,71,67,48,47,68,50,44,50,52,68,73,72,8,11,14,13,12,1,0,2,2,6,3,17,Joana Marchão
261844,71,3,4,70.0,71.0,57.0,68.0,19.0,63.0,65,72,72,70,68,69,52,50,35,70,72,68,60,70,73,72,69,72,71,70,30,13,70,47,70,60,12,14,12,7,6,12,10,13,2,1,2,2,12,3,3,Ana Capeta
261848,71,3,1,0.0,0.0,0.0,0.0,0.0,0.0,12,7,12,25,9,11,14,13,22,16,34,26,27,69,44,56,58,20,37,8,19,10,8,25,11,36,8,13,13,69,72,74,71,68,1,1,2,2,5,3,6,Inês Pereira
264630,71,3,3,80.0,63.0,69.0,73.0,32.0,38.0,72,63,27,75,58,75,71,71,69,72,79,81,81,56,78,66,52,77,21,60,29,35,59,55,64,54,26,37,34,14,10,7,6,7,2,1,0,1,10,3,13,J. Montoya
243054,70,2,2,37.0,27.0,45.0,40.0,69.0,78.0,24,25,73,65,26,30,24,23,60,43,34,39,45,69,64,36,74,61,85,23,82,67,22,30,40,52,65,72,68,14,13,17,13,14,1,1,2,0,1,6,14,J. Orejel
245887,70,3,1,0.0,0.0,0.0,0.0,0.0,0.0,14,18,14,18,10,13,12,13,16,12,22,35,24,69,58,56,59,28,48,17,25,13,10,69,18,34,11,12,13,69,65,75,68,71,1,1,2,2,5,4,6,S. Lynn
247531,70,2,2,67.0,33.0,59.0,64.0,68.0,61.0,68,25,65,72,41,60,61,35,51,68,68,66,61,69,88,52,58,71,56,26,61,65,52,39,33,56,70,70,68,8,7,10,12,11,1,1,2,2,9,3,17,C. Kvamme
258915,70,3,2,70.0,35.0,45.0,52.0,73.0,66.0,41,37,76,54,31,42,35,29,51,55,73,68,69,68,77,39,82,66,63,28,67,72,28,35,37,57,73,72,70,6,10,12,9,8,1,1,2,2,1,3,14,E. Kullberg
261792,70,4,3,65.0,25.0,50.0,61.0,69.0,54.0,70,23,68,65,24,51,26,34,28,67,68,63,81,68,80,22,64,68,48,25,49,70,49,30,37,50,66,72,70,14,14,10,12,12,2,1,0,2,6,3,10,S. Van Belle
261793,70,3,2,69.0,25.0,41.0,41.0,71.0,69.0,29,17,69,64,29,22,20,26,24,50,66,71,63,72,77,39,70,66,72,23,67,67,23,33,37,52,65,79,74,11,6,11,15,11,1,1,1,2,1,4,14,A. Tysiak
261806,70,3,2,74.0,27.0,47.0,57.0,71.0,66.0,32,20,69,67,21,44,24,29,59,64,74,74,72,72,82,48,75,67,60,20,75,70,26,29,38,52,68,74,72,13,5,10,13,6,1,1,2,2,1,3,14,C. Tison
261849,70,3,3,71.0,69.0,59.0,65.0,25.0,62.0,61,70,75,72,66,65,57,50,43,66,70,72,59,72,71,68,68,62,69,69,42,21,73,50,72,52,22,15,18,6,12,7,8,8,1,1,2,2,12,3,3,Telma Encarnação
261855,70,3,3,79.0,69.0,59.0,69.0,17.0,62.0,62,70,68,59,62,67,59,55,47,69,78,79,68,74,74,69,77,72,70,67,25,12,74,67,74,70,11,11,10,5,8,10,9,11,1,1,2,2,12,3,16,Kika Nazareth
261857,70,3,1,0.0,0.0,0.0,0.0,0.0,0.0,12,9,15,23,9,8,11,14,26,12,33,18,25,70,44,50,58,25,35,7,29,11,10,32,11,31,10,13,12,69,74,66,63,72,1,1,2,2,5,3,6,Rute Costa
227141,69,4,3,73.0,67.0,64.0,68.0,52.0,61.0,57,69,44,69,60,72,50,55,70,70,74,72,60,69,55,59,50,74,70,68,27,64,69,65,72,51,40,65,34,10,9,6,12,8,3,0,2,2,4,1,19,A. Harrison
241225,69,3,2,72.0,66.0,69.0,69.0,70.0,69.0,66,63,68,73,67,67,72,70,72,69,73,72,71,61,90,73,85,80,59,65,74,70,66,64,72,66,70,71,68,7,9,16,11,11,2,1,0,0,1,3,0,C. Ferral
241286,69,3,2,71.0,58.0,61.0,68.0,67.0,61.0,47,59,58,72,44,64,32,32,69,70,74,69,73,68,80,63,66,65,58,52,64,71,50,62,69,66,64,70,70,9,15,14,7,6,2,1,2,2,2,3,11,B. Campos
247536,69,4,2,67.0,67.0,67.0,69.0,59.0,74.0,61,69,62,74,45,68,47,32,73,72,66,68,67,69,72,72,68,71,79,68,65,45,68,69,41,66,61,68,51,10,11,15,7,13,2,1,0,2,4,5,11,T. Åsland
248799,69,3,3,74.0,70.0,55.0,75.0,25.0,50.0,31,72,65,67,60,79,54,42,61,75,75,73,68,62,75,75,60,65,50,65,31,16,68,58,58,59,21,25,19,7,14,6,8,14,2,0,0,1,12,4,3,M. Fowler
254997,69,3,4,68.0,74.0,61.0,70.0,39.0,52.0,50,77,57,68,70,72,69,67,50,71,73,63,65,51,70,75,70,68,50,70,31,25,75,63,59,70,33,53,20,10,7,10,5,13,2,1,0,0,12,0,13,D. Evangelista
255013,69,3,2,67.0,39.0,48.0,51.0,70.0,69.0,29,35,71,64,42,33,43,37,63,73,68,66,49,66,68,41,66,71,68,42,72,68,40,32,42,60,70,70,70,5,13,7,10,9,1,1,2,0,1,3,14,M. Cadena
256094,69,2,2,64.0,35.0,59.0,64.0,70.0,67.0,59,32,64,78,35,59,29,24,63,75,67,62,54,61,78,47,74,72,63,31,67,64,31,38,39,49,67,78,68,6,11,14,7,13,2,0,2,2,1,3,17,E. Cascarino
261811,69,3,3,67.0,72.0,46.0,67.0,22.0,49.0,30,75,72,68,63,68,35,31,25,70,64,69,52,67,76,71,63,50,54,72,30,17,65,44,58,51,15,18,18,7,6,7,13,8,1,1,2,2,12,0,3,L. Wajnblum
261843,69,3,3,69.0,46.0,67.0,67.0,63.0,67.0,65,44,48,72,32,67,45,46,70,69,68,70,66,75,74,55,72,75,70,40,48,78,58,69,50,49,49,74,58,11,10,6,12,15,2,1,2,2,4,3,11,Andreia Jacinto
261845,69,3,3,67.0,61.0,66.0,66.0,60.0,57.0,52,63,58,74,42,65,47,46,72,68,66,68,57,74,80,62,52,59,58,60,55,68,65,70,49,50,50,68,56,14,12,15,12,12,1,1,2,2,4,3,11,Andreia Faria
261854,69,3,3,72.0,41.0,53.0,61.0,68.0,60.0,68,42,59,60,25,58,34,32,42,60,75,70,74,66,81,41,62,68,60,40,47,71,55,42,42,50,63,73,66,13,7,11,9,15,1,0,2,2,6,3,17,Alícia Correia
262826,69,3,2,72.0,38.0,43.0,48.0,71.0,71.0,30,30,69,57,17,32,42,46,53,62,71,73,57,50,70,62,81,67,72,37,71,68,16,21,53,59,70,76,71,9,11,14,5,9,1,0,2,0,1,3,14,K. Rodríguez
264012,69,3,3,81.0,68.0,64.0,71.0,41.0,53.0,68,66,49,66,59,70,62,57,59,70,80,81,74,58,91,75,54,66,42,67,65,43,70,61,67,63,38,42,38,12,13,13,13,6,1,1,0,2,11,5,13,S. Smith
264626,69,3,3,76.0,66.0,65.0,71.0,60.0,53.0,68,68,44,70,65,74,67,59,63,65,78,74,74,64,83,68,64,79,38,60,56,63,66,57,59,61,59,63,59,10,7,6,7,11,2,1,0,2,11,3,19,A. Rodríguez
233361,68,3,3,68.0,69.0,56.0,67.0,19.0,53.0,57,72,65,64,54,68,49,53,49,66,65,71,59,77,78,62,64,59,59,71,29,14,74,48,64,65,13,12,17,8,9,9,12,7,2,1,2,2,12,3,3,A. Phillips
238279,68,3,3,90.0,56.0,63.0,67.0,29.0,49.0,64,65,53,68,46,67,45,46,64,67,88,92,64,68,77,56,47,53,52,36,35,23,65,63,53,61,24,30,25,11,9,16,11,12,2,0,0,2,8,3,13,P. Satchell
242027,68,3,3,79.0,57.0,58.0,72.0,45.0,58.0,64,65,41,65,48,75,46,41,52,72,80,79,67,67,73,51,46,58,62,51,52,43,56,51,52,57,46,47,42,9,7,7,8,9,2,1,1,2,10,3,13,J. Hellstrom
250977,68,4,2,74.0,31.0,50.0,67.0,66.0,59.0,58,36,50,62,22,64,34,27,50,70,76,73,72,64,80,24,67,62,54,25,64,70,41,32,38,53,63,72,69,14,6,12,10,12,2,1,0,0,6,0,10,K. Roestbakken
256117,68,2,2,72.0,33.0,47.0,57.0,70.0,70.0,27,29,58,57,21,52,25,39,55,61,70,73,58,60,71,49,74,64,72,26,69,68,44,52,35,65,73,73,72,7,13,7,7,9,1,1,2,2,1,4,14,C. Bunge
258940,68,2,1,0.0,0.0,0.0,0.0,0.0,0.0,13,11,15,28,8,13,14,14,26,17,37,43,45,63,52,50,63,32,36,9,22,17,11,40,17,35,16,18,17,69,66,67,64,69,1,1,2,2,5,4,6,G. Pettersen
261113,68,3,1,0.0,0.0,0.0,0.0,0.0,0.0,11,9,11,21,9,14,13,11,22,13,31,22,36,45,42,50,61,16,35,5,22,13,8,31,17,33,6,10,11,70,68,66,69,72,1,1,2,2,5,3,6,M. Villeda
261802,68,3,3,66.0,24.0,46.0,54.0,67.0,53.0,65,21,60,57,25,45,28,27,25,59,69,64,59,72,72,23,59,63,48,26,51,65,45,35,30,49,67,70,69,13,12,9,10,7,1,0,2,2,6,3,10,I. Iliano
261804,68,3,1,0.0,0.0,0.0,0.0,0.0,0.0,12,6,10,25,6,6,12,10,25,15,23,27,29,66,42,52,61,18,35,6,25,11,5,37,19,28,6,13,13,67,66,69,66,70,1,1,2,2,5,3,6,D. Lemey
261807,68,3,2,55.0,27.0,59.0,55.0,72.0,59.0,47,23,62,68,24,43,21,47,71,68,56,55,48,62,70,34,52,53,58,23,70,75,34,58,38,74,76,71,66,6,13,12,10,7,2,1,0,2,1,3,14,M. Coutereels
261858,68,3,3,72.0,58.0,61.0,66.0,63.0,54.0,70,60,58,69,39,65,43,44,67,69,73,72,63,65,75,62,57,65,53,57,44,62,54,44,48,48,61,66,68,9,12,13,10,10,3,1,0,2,9,0,11,Catarina Amado
243875,67,3,2,65.0,37.0,57.0,58.0,70.0,62.0,52,39,64,66,28,57,46,35,57,55,69,61,60,66,76,35,71,58,61,32,68,68,54,52,40,54,74,68,74,15,11,7,15,11,3,1,2,2,6,5,17,S. Morton
244890,67,1,1,0.0,0.0,0.0,0.0,0.0,0.0,13,8,13,24,9,5,10,13,26,10,31,28,39,63,46,48,62,31,44,8,16,6,6,60,17,41,9,10,10,67,66,64,66,69,1,0,2,2,5,1,6,A. Mikalsen
254489,67,2,2,57.0,25.0,44.0,47.0,67.0,72.0,35,19,65,57,20,36,36,33,44,53,58,57,53,62,73,46,72,64,76,16,72,64,21,34,37,50,65,70,69,14,8,12,12,5,1,1,1,2,1,4,14,N. Stratford
264233,67,3,3,71.0,58.0,63.0,69.0,57.0,57.0,66,58,53,66,46,69,66,69,56,69,73,70,72,63,81,64,63,72,49,57,55,58,61,56,50,51,55,60,56,8,12,10,12,7,2,0,0,0,7,1,11,J. Blakstad
264627,67,3,2,70.0,69.0,62.0,70.0,29.0,51.0,64,69,73,66,62,71,61,50,62,67,72,69,74,66,76,79,59,59,44,63,58,27,58,57,70,59,29,20,19,7,8,13,11,6,1,1,2,2,12,1,13,M. Delgadillo
243421,66,2,3,71.0,65.0,56.0,67.0,64.0,59.0,66,68,67,61,52,67,42,38,48,65,74,69,68,69,76,64,63,66,67,59,28,66,68,52,67,66,65,61,59,13,13,10,14,15,3,1,0,1,11,4,11,S. Skilton
248751,66,2,1,0.0,0.0,0.0,0.0,0.0,0.0,12,8,9,19,5,9,12,10,26,18,30,23,28,39,51,52,47,37,40,8,32,7,4,31,14,26,8,13,11,68,65,69,72,70,1,1,2,2,5,6,6,T. Micah
256208,66,3,2,70.0,58.0,64.0,69.0,43.0,39.0,65,69,40,70,51,72,63,66,67,72,72,68,58,47,84,52,48,59,31,45,31,44,50,48,57,46,29,55,52,13,11,8,5,8,1,1,2,2,10,0,13,D. García
256251,66,2,2,71.0,38.0,61.0,62.0,62.0,56.0,66,39,52,68,34,60,37,40,64,64,68,74,60,63,76,34,62,57,53,33,59,63,62,52,45,54,61,64,62,13,9,13,6,6,2,0,0,2,6,0,17,M. van der Meer
261799,66,3,4,71.0,63.0,65.0,72.0,31.0,49.0,61,67,58,70,51,72,57,57,66,70,76,66,81,62,80,56,67,52,53,65,31,21,60,65,65,58,30,28,34,10,11,6,12,5,2,1,2,2,3,3,13,H. Eurlings
261856,66,3,3,75.0,67.0,51.0,63.0,16.0,60.0,40,68,66,60,57,60,45,48,38,64,74,75,68,64,70,67,74,68,67,66,28,11,65,58,69,60,10,10,12,12,6,11,6,10,1,1,2,2,12,6,3,Ana Dias
263000,66,2,2,72.0,69.0,55.0,67.0,35.0,51.0,54,72,60,60,58,68,51,49,55,68,74,71,68,55,68,67,64,57,54,69,34,34,66,52,60,54,33,31,27,9,7,6,5,15,2,1,2,2,12,3,13,G. Rennie
262867,62,3,2,71.0,25.0,52.0,57.0,55.0,53.0,62,22,46,58,24,51,32,28,54,58,72,70,73,53,81,28,55,65,44,20,61,51,46,41,32,50,46,67,65,9,11,13,12,7,1,0,0,2,6,0,10,C. Nevin
262868,60,2,2,68.0,29.0,49.0,58.0,56.0,59.0,44,30,40,58,26,56,36,34,56,58,70,67,62,58,75,24,57,59,62,26,54,60,44,41,33,52,51,62,60,7,14,11,7,14,2,1,2,2,9,4,10,C. Grant
